{
  "lineOfBusiness": {
    "property": false,
    "generalLiability": false,
    "publicOfficials": false,
    "educatorsLegal": false,
    "employmentPractices": false,
    "employmentPracticesSchool": false,
    "auto": true,
    "inlandMarine": false,
    "excess": false,
    "lawEnforcement": false,
    "directorsAndOfficers": false,
    "crime": false,
    "ocp1": false,
    "ocp2": false,
    "ocp3": false,
    "ocp4": false,
    "ocp5": false
  },
  "policyHeaderModel": {
    "locationType": "Rural",
    "id": 1,
    "controlNumber": 0,
    "quoteId": 3,
    "state": "NY",
    "isEndorsement": false,
    "nameInsured": "string",
    "primaryClass": "MU",
    "secondaryClass": "",
    "policyEffectiveDate": "2021-10-10T14:42:36.084Z",
    "policyExpirationDate": "2022-10-10T14:42:36.084Z",
    "transactionEffectiveDate": "2021-10-10T14:42:36.084Z",
    "transactionType": "NewBusiness",
    "transactionCode": "NB",
    "desc": null,
    "clientId": "Paragon",
    "company": "",
    "populationADA": 15475,
    "terrorismCoverage": true
  },
  "lineOfBusinessInputModel": {
    "property": {},
    "auto": {
      "ny": {
        "autoLiabilityInputModel": {
          "limitType": "CSL",
          "liabilityLimit": 1000000,
          "liabilityLimitRate": 1,
          "hiredAndNonOwned": "Included",
          "deductible_SIR": "SIR",
          "retention": 25000,
          "expense": "Excluded",
          "aggregateRetention": 40000,
          "medicalPaymentsLimit": "5000",
          "medPayAggregate": 10000,
          "uninsuredLimit": "1000000",
          "uninsuredBIPDLimit": "",
          "uninsuredPD": "",
          "uninsuredDeductible": "",
          "uninsuredCondition": "",
          "underinsuredLimit": "",
          "underinsuredConversion": false,
          "umuimStacking": false,
          "personalInjuryProtectionLimit": "INCLUDED",
          "pipDeductible": "200",
          "additionalPIPLimit": "100000",
          "additionalMonthlyWorkLossLimit": 2000,
          "additionalPIPOtherExpensesPerDayLimit": 25,
          "additionalDeathBenefitLimit": "EXCLUDED",
          "obelLimit": "25000",
          "pipMedicalExpenseEliminationLimit": "Named Insured Only",
          "excessAttendantCareLimit": "",
          "propertyProtectionInsuranceLimit": "",
          "propertyProtectionDeductible": "",
          "propertyDamageLiabilityBuybackLimit": "",
          "pipWorkLossExclusionLimit": "",
          "basicFPBLimit": "",
          "additionalBenefitsLimit": "",
          "combinationFPBLimit": "",
          "medicalExpenseBenefitsLimit": "",
          "workLossBenefitsLimit": "",
          "funeralExpenseBenefitsLimit": "",
          "accidentalDeathBenefitsLimit": "",
          "extraordinaryMedicalBenefitsLimit": "",
          "pedestrianFPBLimit": "",
          "nonEmergencyUnitsCount": 6,
          "nonEmergencyUnitsBaseRate": 300,
          "emergencyUnitsCount": 1,
          "emergencyUnitsBaseRate": 340.00,
          "busesCount": 2,
          "busesBaseRate": 400.00,
          "trailersCount": 1,
          "trailersBaseRate": 0,
          "totalVehiclesCount": 10,
          "totalVehicleswithoutTrailersCount": 9,
          "nonEmergencyPIPUnitsCount": 6,
          "emergencyPIPUnitsCount": 1,
          "busesPIPUnitsCount": 2,
          "totalPIPUnitswithoutTrailersCount": 9,
          "nonEmergencyMedPayUnitsCount": 6,
          "emergencyMedPayUnitsCount": 1,
          "busesMedPayUnitsCount": 2,
          "totalMedPayUnitswithoutTrailersCount": 9,
          "liabilitySymbol": "2",
          "personalInjuryProtectionSymbol": "1",
          "medicalPaymentsSymbol": "3",
          "uninsuredMotoristSymbol": "4",
          "underinsuredMotoristSymbol": "5",
          "irpmApplies": true,
          "otherModRate": 1,
          "irpmRate": 1.05,
          "autoLiabilityOptionalCoverageInputModel": {
            "additionalInsuredDesignatedPersonOrOrganizationCA201CoverageID": 0,
            "additionalInsuredDesignatedPersonOrOrganizationCA201IsSelected": false,
            "additionalInsuredDesignatedPersonOrOrganizationCA201Limit": 0,
            "additionalInsuredDesignatedPersonOrOrganizationCA201Deductible": 0,
            "additionalInsuredDesignatedPersonOrOrganizationCA201RatingBasis": "",
            "additionalInsuredDesignatedPersonOrOrganizationCA201ReturnMethod": "",
            "additionalInsuredDesignatedPersonOrOrganizationCA201Rate": 0,
            "additionalInsuredDesignatedPersonOrOrganizationCA201UnModifiedPremium": 0,
            "additionalInsuredDesignatedPersonOrOrganizationCA201ModifiedPremium": 0,
            "additionalInsuredEndorsementAutoAG1009CoverageID": 0,
            "additionalInsuredEndorsementAutoAG1009IsSelected": false,
            "additionalInsuredEndorsementAutoAG1009Limit": 0,
            "additionalInsuredEndorsementAutoAG1009Deductible": 0,
            "additionalInsuredEndorsementAutoAG1009RatingBasis": "",
            "additionalInsuredEndorsementAutoAG1009ReturnMethod": "",
            "additionalInsuredEndorsementAutoAG1009Rate": 0,
            "additionalInsuredEndorsementAutoAG1009UnModifiedPremium": 0,
            "additionalInsuredEndorsementAutoAG1009ModifiedPremium": 0,
            "lessorAdditionalInsuredAndLossPayeeCA2001CoverageID": 0,
            "lessorAdditionalInsuredAndLossPayeeCA2001IsSelected": false,
            "lessorAdditionalInsuredAndLossPayeeCA2001Limit": 0,
            "lessorAdditionalInsuredAndLossPayeeCA2001Deductible": 0,
            "lessorAdditionalInsuredAndLossPayeeCA2001RatingBasis": "",
            "lessorAdditionalInsuredAndLossPayeeCA2001ReturnMethod": "",
            "lessorAdditionalInsuredAndLossPayeeCA2001Rate": 0,
            "lessorAdditionalInsuredAndLossPayeeCA2001UnModifiedPremium": 0,
            "lessorAdditionalInsuredAndLossPayeeCA2001ModifiedPremium": 0,
            "mutualAidCoverageID": 1,
            "mutualAidIsSelected": true,
            "mutualAidCA2025Limit": 60000,
            "mutualAidCA2025Deductible": 50,
            "mutualAidCA2025RatingBasis": "Flat charge",
            "mutualAidCA2025ReturnMethod": "Fully earned",
            "mutualAidCA2025Rate": 0,
            "mutualAidCA2025UnModifiedPremium": 50,
            "mutualAidCA2025ModifiedPremium": 50,
            "otherCoverageUnModifiedPremium": 0,
            "otherCoverageModifiedPremium": 0,
            "autoLiabilityOptionalOtherCoverageInputModels": [

            ]
          }
        },
        "hasAutoPhysicalDamage": true,
        "autoPhysicalDamageInputModel": {
          "compBaseRate": -1,
          "collisionBaseRate": -1,
          "specCauseofLossBaseRate": -1,
          "nonEmergencyUnitsCount": 6,
          "emergencyUnitsCount": 1,
          "busesCount": 2,
          "trailersCount": 1,
          "totalVehiclesCount": 10,
          "totalVehicleswithoutTrailersCount": 9,
          "compVehiclesCount": 10,
          "comprehensiveSymbol": "5",
          "collisionSymbol": "2",
          "specifiedCauseofLossSymbol": "1",
          "irpmApplies": true,
          "otherModRate": 0.01,
          "irpmRate": 0.85,
          "autoPhysicalDamageOptionalCoverageInputModel": {
            "garagekeepersCA9937CoverageID": 1,
            "garagekeepersCA9937IsSelected": true,
            "garagekeepersCA9937Limit": 50000,
            "garagekeepersCA9937Deductible": 0,
            "garagekeepersCA9937RatingBasis": "Per 1000 of limit",
            "garagekeepersCA9937ReturnMethod": "Pro rata",
            "garagekeepersCA9937Rate": 3,
            "garagekeepersCA9937Premium": 150,
            "rentalReimbursementCA9923CoverageID": 0,
            "rentalReimbursementCA9923IsSelected": false,
            "rentalReimbursementCA9923Limit": 0,
            "rentalReimbursementCA9923Deductible": 0,
            "rentalReimbursementCA9923RatingBasis": "",
            "rentalReimbursementCA9923ReturnMethod": "",
            "rentalReimbursementCA9923Rate": 0,
            "rentalReimbursementCA9923Premium": 0,
            "rentalReimbursementEmergencyServiceVehiclesBA0004CoverageID": 0,
            "rentalReimbursementEmergencyServiceVehiclesBA0004IsSelected": false,
            "rentalReimbursementEmergencyServiceVehiclesBA0004Limit": 0,
            "rentalReimbursementEmergencyServiceVehiclesBA0004Deductible": 0,
            "rentalReimbursementEmergencyServiceVehiclesBA0004RatingBasis": "",
            "rentalReimbursementEmergencyServiceVehiclesBA0004ReturnMethod": "",
            "rentalReimbursementEmergencyServiceVehiclesBA0004Rate": 0,
            "rentalReimbursementEmergencyServiceVehiclesBA0004Premium": 0,
            "fullSafetyGlassCoverageCA0421CoverageID": 0,
            "fullSafetyGlassCoverageCA0421IsSelected": false,
            "fullSafetyGlassCoverageCA0421Limit": 0,
            "fullSafetyGlassCoverageCA0421Deductible": 0,
            "fullSafetyGlassCoverageCA0421RatingBasis": "",
            "fullSafetyGlassCoverageCA0421ReturnMethod": "",
            "fullSafetyGlassCoverageCA0421Rate": 0,
            "fullSafetyGlassCoverageCA0421Premium": 0,
            "autoPhysicalDamageOptionalOtherCoverageInputModels": [

            ]
          }
        },
        "AutoScheduleVehiclesDetailsInputModel": [
          {
            "vehicle": 1,
            "vin": "CD534534534534500",
            "make": "Ford",
            "model": "Private Passenger",
            "year": 2005,
            "classCode": "7398",
            "ratingGroup": "Non Emergency",
            "ocn": 20000,
            "valuation": "Actual Cash Value",
            "compDeductible": 250,
            "collDeductible": 250,
            "specifiedCauseofLossDeductible": 0
          },
          {
            "vehicle": 2,
            "vin": "AB534534534534500",
            "make": "Cadillac",
            "model": "Antique Autos",
            "year": 1999,
            "classCode": "9620",
            "ratingGroup": "Non Emergency",
            "ocn": 10000,
            "valuation": "Stated Amount",
            "compDeductible": 500,
            "collDeductible": 500,
            "specifiedCauseofLossDeductible": 0
          },
          {
            "vehicle": 3,
            "vin": "DE534534534534500",
            "make": "Mercedes",
            "model": "Trailer",
            "year": 2007,
            "classCode": "211-790",
            "ratingGroup": "Non Emergency",
            "ocn": 50000,
            "valuation": "Replacement Cost",
            "compDeductible": 1000,
            "collDeductible": 1000,
            "specifiedCauseofLossDeductible": 0
          },
          {
            "vehicle": 4,
            "vin": "FG534534534534500",
            "make": "Land Rover",
            "model": "All Other Bus",
            "year": 2008,
            "classCode": "6584",
            "ratingGroup": "Buses",
            "ocn": 10000,
            "valuation": "Actual Cash Value",
            "compDeductible": 100,
            "collDeductible": 100,
            "specifiedCauseofLossDeductible": 0
          },
          {
            "vehicle": 5,
            "vin": "HI534534534534500",
            "make": "GMC",
            "model": "Snowmobiles",
            "year": 2009,
            "classCode": "6181",
            "ratingGroup": "Buses",
            "ocn": 10000,
            "valuation": "Stated Amount",
            "compDeductible": 500,
            "collDeductible": 500,
            "specifiedCauseofLossDeductible": 0
          },
          {
            "vehicle": 6,
            "vin": "JK534534534534500",
            "make": "Dodge",
            "model": "Ambulance",
            "year": 2010,
            "classCode": "7919",
            "ratingGroup": "Emergency",
            "ocn": 10000,
            "valuation": "Replacement Cost",
            "compDeductible": 1000,
            "collDeductible": 1000,
            "specifiedCauseofLossDeductible": 0
          },
          {
            "vehicle": 7,
            "vin": "LM534534534534500",
            "make": "BMW Motors",
            "model": "SC Bus",
            "year": 2011,
            "classCode": "6183",
            "ratingGroup": "Buses",
            "ocn": 5000,
            "valuation": "Actual Cash Value",
            "compDeductible": 100,
            "collDeductible": 250,
            "specifiedCauseofLossDeductible": 0
          },
          {
            "vehicle": 8,
            "vin": "MN534534534534500",
            "make": "Audi",
            "model": "Social Service Bus-Employee Operated",
            "year": 2012,
            "classCode": "6481",
            "ratingGroup": "Buses",
            "ocn": 10000,
            "valuation": "Stated Amount",
            "compDeductible": 500,
            "collDeductible": 500,
            "specifiedCauseofLossDeductible": 0
          },
          {
            "vehicle": 9,
            "vin": "OP534534534534500",
            "make": "Buick",
            "model": "Light dump",
            "year": 2013,
            "classCode": "014-790",
            "ratingGroup": "Non Emergency",
            "ocn": 10000,
            "valuation": "Replacement Cost",
            "compDeductible": 1000,
            "collDeductible": 1000,
            "specifiedCauseofLossDeductible": 0
          },
          {
            "vehicle": 10,
            "vin": "PQ534534534534500",
            "make": "Tesla",
            "model": "All Other Bus",
            "year": 2014,
            "classCode": "6581",
            "ratingGroup": "Buses",
            "ocn": 5000,
            "valuation": "Actual Cash Value",
            "compDeductible": 250,
            "collDeductible": 100,
            "specifiedCauseofLossDeductible": 0
          }
        ]
      }
    },
    "generalLiability": {},
    "publicOfficials": {},
    "educatorsLegal": {},
    "employmentPractices": {},
    "inlandMarine": {},
    "excess": {},
    "ocp1": {},
    "ocp2": {},
    "ocp3": {},
    "ocp4": {},
    "ocp5": {}
  },
  "pricingInputModel": {
    "terrorismAcceptedRejected": true,
    "tierPlan": "Preferred",
    "nyftz": ""
  },
  "lastTransactionModel": {
    "lastPremium": 0
  }
}