{
  "lineOfBusiness": {
    "property": false,
    "generalLiability": false,
    "publicOfficials": false,
    "educatorsLegal": false,
    "employmentPractices": false,
    "employmentPracticesSchool": false,
    "auto": true,
    "inlandMarine": false,
    "excess": false,
    "lawEnforcement": false,
    "directorsAndOfficers": false,
    "crime": false,
    "ocp1": false,
    "ocp2": false,
    "ocp3": false,
    "ocp4": false,
    "ocp5": false
  },
  "policyHeaderModel": {
    "locationType": "Rural",
    "id": 1,
    "controlNumber": 0,
    "quoteId": 3,
    "state": "NC",
    "isEndorsement": false,
    "nameInsured": "string",
    "primaryClass": "MU",
    "secondaryClass": "",
    "policyEffectiveDate": "2021-10-10T14:42:36.084Z",
    "policyExpirationDate": "2022-10-10T14:42:36.084Z",
    "transactionEffectiveDate": "2021-10-10T14:42:36.084Z",
    "transactionType": "NewBusiness",
    "transactionCode": "NB",
    "desc": null,
    "clientId": "Paragon",
    "company": "",
    "populationADA": 3500,
    "terrorismCoverage": true
  },
  "lineOfBusinessInputModel": {
    "property": {},
    "auto": {
      "cw": {
        "autoLiabilityInputModel": {
          "limitType": "CSL",
          "liabilityLimit": 1000000,
          "liabilityLimitRate": 1,
          "hiredAndNonOwned": "Excluded",
          "deductible_SIR": "Deductible",
          "retention": 0,
          "expense": "Excluded",
          "aggregateRetention": 0,
          "medicalPaymentsLimit": "5000",
          "medPayAggregate": 10000,
          "uninsuredLimit": "1000000",
          "uninsuredBIPDLimit": "",
          "uninsuredPD": "",
          "uninsuredDeductible": "",
          "uninsuredCondition": "",
          "underinsuredLimit": "",
          "underinsuredConversion": false,
          "umuimStacking": false,
          "personalInjuryProtectionLimit": "EXCLUDED",
          "pipDeductible": "",
          "additionalPIPLimit": "",
          "additionalMonthlyWorkLossLimit": 0,
          "additionalPIPOtherExpensesPerDayLimit": 0,
          "additionalDeathBenefitLimit": "",
          "obelLimit": "",
          "pipMedicalExpenseEliminationLimit": "",
          "excessAttendantCareLimit": "",
          "propertyProtectionInsuranceLimit": "",
          "propertyProtectionDeductible": "",
          "propertyDamageLiabilityBuybackLimit": "",
          "pipWorkLossExclusionLimit": "",
          "basicFPBLimit": "",
          "additionalBenefitsLimit": "",
          "combinationFPBLimit": "",
          "medicalExpenseBenefitsLimit": "",
          "workLossBenefitsLimit": "",
          "funeralExpenseBenefitsLimit": "",
          "accidentalDeathBenefitsLimit": "",
          "extraordinaryMedicalBenefitsLimit": "",
          "pedestrianFPBLimit": "",
          "nonEmergencyUnitsCount": 4,
          "nonEmergencyUnitsBaseRate": 296,
          "emergencyUnitsCount": 1,
          "emergencyUnitsBaseRate": 338.29,
          "busesCount": 5,
          "busesBaseRate": 422.86,
          "trailersCount": 0,
          "trailersBaseRate": 0,
          "totalVehiclesCount": 10,
          "totalVehicleswithoutTrailersCount": 10,
          "nonEmergencyPIPUnitsCount": 0,
          "emergencyPIPUnitsCount": 0,
          "busesPIPUnitsCount": 0,
          "totalPIPUnitswithoutTrailersCount": 0,
          "nonEmergencyMedPayUnitsCount": 4,
          "emergencyMedPayUnitsCount": 1,
          "busesMedPayUnitsCount": 5,
          "totalMedPayUnitswithoutTrailersCount": 10,
          "liabilitySymbol": "2",
          "personalInjuryProtectionSymbol": "1",
          "medicalPaymentsSymbol": "3",
          "uninsuredMotoristSymbol": "4",
          "underinsuredMotoristSymbol": "5",
          "irpmApplies": true,
          "otherModRate": 1,
          "irpmRate": 0.7,
          "autoLiabilityOptionalCoverageInputModel": {
            "additionalInsuredDesignatedPersonOrOrganizationCA201CoverageID": 0,
            "additionalInsuredDesignatedPersonOrOrganizationCA201IsSelected": false,
            "additionalInsuredDesignatedPersonOrOrganizationCA201Limit": 0,
            "additionalInsuredDesignatedPersonOrOrganizationCA201Deductible": 0,
            "additionalInsuredDesignatedPersonOrOrganizationCA201RatingBasis": "",
            "additionalInsuredDesignatedPersonOrOrganizationCA201ReturnMethod": "",
            "additionalInsuredDesignatedPersonOrOrganizationCA201Rate": 0,
            "additionalInsuredDesignatedPersonOrOrganizationCA201UnModifiedPremium": 0,
            "additionalInsuredDesignatedPersonOrOrganizationCA201ModifiedPremium": 0,
            "additionalInsuredEndorsementAutoAG1009CoverageID": 0,
            "additionalInsuredEndorsementAutoAG1009IsSelected": false,
            "additionalInsuredEndorsementAutoAG1009Limit": 0,
            "additionalInsuredEndorsementAutoAG1009Deductible": 0,
            "additionalInsuredEndorsementAutoAG1009RatingBasis": "",
            "additionalInsuredEndorsementAutoAG1009ReturnMethod": "",
            "additionalInsuredEndorsementAutoAG1009Rate": 0,
            "additionalInsuredEndorsementAutoAG1009UnModifiedPremium": 0,
            "additionalInsuredEndorsementAutoAG1009ModifiedPremium": 0,
            "lessorAdditionalInsuredAndLossPayeeCA2001CoverageID": 0,
            "lessorAdditionalInsuredAndLossPayeeCA2001IsSelected": false,
            "lessorAdditionalInsuredAndLossPayeeCA2001Limit": 0,
            "lessorAdditionalInsuredAndLossPayeeCA2001Deductible": 0,
            "lessorAdditionalInsuredAndLossPayeeCA2001RatingBasis": "",
            "lessorAdditionalInsuredAndLossPayeeCA2001ReturnMethod": "",
            "lessorAdditionalInsuredAndLossPayeeCA2001Rate": 0,
            "lessorAdditionalInsuredAndLossPayeeCA2001UnModifiedPremium": 0,
            "lessorAdditionalInsuredAndLossPayeeCA2001ModifiedPremium": 0,
            "mutualAidCoverageID": 0,
            "mutualAidIsSelected": false,
            "mutualAidCA2025Limit": 0,
            "mutualAidCA2025Deductible": 0,
            "mutualAidCA2025RatingBasis": "",
            "mutualAidCA2025ReturnMethod": "",
            "mutualAidCA2025Rate": 0,
            "mutualAidCA2025UnModifiedPremium": 0,
            "mutualAidCA2025ModifiedPremium": 0,
            "otherCoverageUnModifiedPremium": 0,
            "otherCoverageModifiedPremium": 0,
            "autoLiabilityOptionalOtherCoverageInputModels": [
              {
                "otherCoverageID": 0,
                "otherCoverageDescription": "",
                "otherCoverageLimit": 0,
                "otherCoverageDedcutible": 0,
                "otherCoverageRate": 0,
                "otherCoverageRatingBasis": "",
                "otherCoverageReturnMethod": "",
                "otherCoveragePremium": 0
              }
            ]
          }
        },
        "hasAutoPhysicalDamage": false,
        "autoPhysicalDamageInputModel": {},
        "AutoScheduleVehiclesDetailsInputModel": [
          {
            "vehicle": 1,
            "vin": "CD534534534534500",
            "make": "Ford",
            "model": "Private Passenger",
            "year": 2005,
            "classCode": "7398",
            "ratingGroup": "Non Emergency",
            "ocn": 20000,
            "valuation": "Actual Cash Value",
            "compDeductible": 250,
            "collDeductible": 250,
            "specifiedCauseofLossDeductible": 250
          },
          {
            "vehicle": 2,
            "vin": "AB534534534534500",
            "make": "Cadillac",
            "model": "Antique Autos",
            "year": 1999,
            "classCode": "9620",
            "ratingGroup": "Non Emergency",
            "ocn": 10000,
            "valuation": "Stated Amount",
            "compDeductible": 500,
            "collDeductible": 500,
            "specifiedCauseofLossDeductible": 500
          },
          {
            "vehicle": 3,
            "vin": "DE534534534534500",
            "make": "Mercedes",
            "model": "Trailer",
            "year": 2007,
            "classCode": "211-790",
            "ratingGroup": "Non Emergency",
            "ocn": 50000,
            "valuation": "Replacement Cost",
            "compDeductible": 1000,
            "collDeductible": 1000,
            "specifiedCauseofLossDeductible": 1000
          },
          {
            "vehicle": 4,
            "vin": "FG534534534534500",
            "make": "Land Rover",
            "model": "All Other Bus",
            "year": 2008,
            "classCode": "6584",
            "ratingGroup": "Buses",
            "ocn": 10000,
            "valuation": "Actual Cash Value",
            "compDeductible": 100,
            "collDeductible": 100,
            "specifiedCauseofLossDeductible": 100
          },
          {
            "vehicle": 5,
            "vin": "HI534534534534500",
            "make": "GMC",
            "model": "Snowmobiles",
            "year": 2009,
            "classCode": "6181",
            "ratingGroup": "Buses",
            "ocn": 10000,
            "valuation": "Stated Amount",
            "compDeductible": 500,
            "collDeductible": 500,
            "specifiedCauseofLossDeductible": 500
          },
          {
            "vehicle": 6,
            "vin": "JK534534534534500",
            "make": "Dodge",
            "model": "Ambulance",
            "year": 2010,
            "classCode": "7919",
            "ratingGroup": "Emergency",
            "ocn": 10000,
            "valuation": "Replacement Cost",
            "compDeductible": 1000,
            "collDeductible": 1000,
            "specifiedCauseofLossDeductible": 1000
          },
          {
            "vehicle": 7,
            "vin": "LM534534534534500",
            "make": "BMW Motors",
            "model": "SC Bus",
            "year": 2011,
            "classCode": "6183",
            "ratingGroup": "Buses",
            "ocn": 5000,
            "valuation": "Actual Cash Value",
            "compDeductible": 100,
            "collDeductible": 250,
            "specifiedCauseofLossDeductible": 250
          },
          {
            "vehicle": 8,
            "vin": "MN534534534534500",
            "make": "Audi",
            "model": "Social Service Bus-Employee Operated",
            "year": 2012,
            "classCode": "6481",
            "ratingGroup": "Buses",
            "ocn": 10000,
            "valuation": "Stated Amount",
            "compDeductible": 500,
            "collDeductible": 500,
            "specifiedCauseofLossDeductible": 500
          },
          {
            "vehicle": 9,
            "vin": "OP534534534534500",
            "make": "Buick",
            "model": "Light dump",
            "year": 2013,
            "classCode": "014-790",
            "ratingGroup": "Non Emergency",
            "ocn": 10000,
            "valuation": "Replacement Cost",
            "compDeductible": 1000,
            "collDeductible": 1000,
            "specifiedCauseofLossDeductible": 1000
          },
          {
            "vehicle": 10,
            "vin": "PQ534534534534500",
            "make": "Tesla",
            "model": "All Other Bus",
            "year": 2014,
            "classCode": "6581",
            "ratingGroup": "Buses",
            "ocn": 5000,
            "valuation": "Actual Cash Value",
            "compDeductible": 250,
            "collDeductible": 100,
            "specifiedCauseofLossDeductible": 250
          }
        ]
      }
    }
  },
  "pricingInputModel": {
    "terrorismAcceptedRejected": true,
    "tierPlan": "Preferred",
    "nyftz": ""
  },
  "lastTransactionModel": {
    "lastPremium": 0
  }
}