{
  "lineOfBusiness": {
    "property": false,
    "generalLiability": false,
    "publicOfficials": false,
    "educatorsLegal": false,
    "employmentPractices": false,
    "employmentPracticesSchool": false,
    "auto": false,
    "inlandMarine": false,
    "excess": true,
    "lawEnforcement": false,
    "directorsAndOfficers": true,
    "crime": false,
    "ocp1": false,
    "ocp2": false,
    "ocp3": false,
    "ocp4": false,
    "ocp5": false
  },
  "policyHeaderModel": {
    "locationType": "Rural",
    "id": 1,
    "controlNumber": 0,
    "quoteId": 3,
    "state": "SC",
    "isEndorsement": false,
    "nameInsured": "string",
    "primaryClass": "PNP",
    "secondaryClass": "Water & Sewer",
    "policyEffectiveDate": "2021-10-10T09:09:52.789Z",
    "policyExpirationDate": "2022-10-10T09:09:52.789Z",
    "transactionEffectiveDate": "2021-10-10T09:09:52.789Z",
    "transactionType": "NEWBUSINESS",
    "transactionCode": "string",
    "desc": "string",
    "clientId": "Paragon",
    "company": "string",
    "populationADA": 50000,
    "terrorismCoverage": true
  },
  "lineOfBusinessInputModel": {
    "property": {},
    "auto": {},
    "generalLiability": {},
    "publicOfficials": {},
    "employmentPractices": {},
    "employmentPracticesSchool": {},
    "inlandMarine": {},
    "excess": {},
    "lawEnforcement": {},
    "educatorsLegal": {},
    "directorsAndOfficers": {
      "exposure": 200000,
      "exposureRate": -4.5,
      "liabilityLimit": 500000,
      "aggregateLimit": 3500000,
      "liabilityLimitRate": -1.1,
      "epInclusionExclusion": "Excluded",
      "deductible_SIR": "Deductible",
      "retention": 2500,
      "aggregateRetention": 1000,
      "type": "Each Wrongful Act",
      "expense": "Included",
      "policyType": "Claims Made",
      "retroDate": "2018-10-10T09:37:09.510Z",
      "yearsinCMProgram": 3,
      "irpmApplies": true,
      "irpmFactor": 0.9,
      "otherModRate": 0.75,
      "directorsAndOfficersOptionalCoverageModel": {
        "supplExtendedReportingPeriodIsSelected": false,
        "supplExtendedReportingPeriodLimit": 0,
        "supplExtendedReportingPeriodAggregateLimit": 0,
        "supplExtendedReportingPeriodDeductible": 0,
        "supplExtendedReportingPeriodRatingBasis": "string",
        "supplExtendedReportingPeriodReturnMethod": "string",
        "supplExtendedReportingPeriodRate": 0,
        "supplExtendedReportingPeriodUnmodifiedPremium": 0,
        "supplExtendedReportingPeriodModifiedPremium": 0,
        "supplExtendedReportingPeriodUnmodifiedwithoutExcessPremium": 0,
        "supplExtendedReportingPeriodIncludedInExcessExposure": "",
        "directorsAndOfficersOptionalOtherCoverageModel": [
          {
            "otherCoverageID": 1,
            "otherCoverageDescription": "Other1 DO",
            "otherCoverageLimit": 10000,
            "otherCoverageAggregateLimit": 20000,
            "otherCoverageDedcutible": 10,
            "otherCoverageRate": 0,
            "otherCoverageRatingBasis": "Flat Charge",
            "otherCoverageReturnMethod": "Pro rata",
            "otherCoverageUnmodifiedPremium": 30,
            "otherCoverageModifiedPremium": 0,
            "otherCoverageIncludedInExcessExposure": "TRUE"
          },
          {
            "otherCoverageID": 2,
            "otherCoverageDescription": "Other3 DO",
            "otherCoverageLimit": 100000,
            "otherCoverageAggregateLimit": 200000,
            "otherCoverageDedcutible": 10,
            "otherCoverageRate": 0.2,
            "otherCoverageRatingBasis": "per 1000 of limit",
            "otherCoverageReturnMethod": "Pro rata",
            "OtherCoverageUnmodifiedPremium": 0,
            "otherCoverageModifiedPremium": 0,
            "otherCoverageIncludedInExcessExposure": "TRUE"
          },
          {
            "otherCoverageID": 3,
            "otherCoverageDescription": "Other4 1000",
            "otherCoverageLimit": 200000,
            "otherCoverageAggregateLimit": 200000,
            "otherCoverageDedcutible": 30,
            "otherCoverageRate": 0.1,
            "otherCoverageRatingBasis": "per 1000 of limit",
            "otherCoverageReturnMethod": "Pro rata",
            "OtherCoverageUnmodifiedPremium": 0,
            "otherCoverageModifiedPremium": 0,
            "otherCoverageIncludedInExcessExposure": "true"
          },
          {
            "otherCoverageID": 4,
            "otherCoverageDescription": "Other5 100",
            "otherCoverageLimit": 50000,
            "otherCoverageAggregateLimit": 100000,
            "otherCoverageDedcutible": 30,
            "otherCoverageRate": 0.2,
            "otherCoverageRatingBasis": "per 100 of limit",
            "otherCoverageReturnMethod": "Pro rata",
            "OtherCoverageUnmodifiedPremium": 0,
            "otherCoverageModifiedPremium": 0,
            "otherCoverageIncludedInExcessExposure": "TRUE"
          }
        ],
        "otherCoveragesTotalPremium": 0
      }
    },
    "ocp1": {},
    "ocp2": {},
    "ocp3": {},
    "ocp4": {},
    "ocp5": {}
  },
  "pricingInputModel": {
    "terrorismAcceptedRejected": true,
    "tierPlan": null,
    "nyftz": "string"
  },
  "lastTransactionModel": {
    "lastPremium": 0
  }
}