{
  "lineOfBusiness": {
    "property": false,
    "generalLiability": false,
    "publicOfficials": false,
    "educatorsLegal": true,
    "employmentPractices": false,
    "employmentPracticesSchool": false,
    "auto": false,
    "inlandMarine": false,
    "excess": false,
    "lawEnforcement": false,
    "directorsAndOfficers": false,
    "crime": false,
    "ocp1": false,
    "ocp2": false,
    "ocp3": false,
    "ocp4": false,
    "ocp5": false
  },
  "policyHeaderModel": {
    "locationType": "rural",
    "id": 1,
    "controlNumber": 2,
    "quoteId": 1,
    "state": "CT",
    "isEndorsement": false,
    "nameInsured": "string",
    "primaryClass": "MSC",
    "secondaryClass": "Private",
    "policyEffectiveDate": "2021-08-08T10:18:31.416Z",
    "policyExpirationDate": "2022-11-11T10:18:31.416Z",
    "transactionEffectiveDate": "2021-09-09T10:18:31.416Z",
    "transactionType": "NewBusiness",
    "transactionCode": "NB",
    "desc": "string",
    "clientId": "2",
    "company": "Argonaut Insurance Company",
    "populationADA": 55000,
    "terrorismCoverage": false
  },
  "lineOfBusinessInputModel": {
    "property": null,
    "auto": null,
    "generalLiability": {},
    "employmentPractices": null,
    "employmentPracticesSchool": null,
    "inlandMarine": null,
    "excess": null,
    "ocp1": null,
    "ocp2": null,
    "ocp3": null,
    "ocp4": null,
    "ocp5": null,
    "lawEnforcement": null,
    "educatorsLegal": {
      "cw": {
        "exposure": 5000,
        "exposureRate": 1.02,
        "liabilityLimit": 100000,
        "aggregateLimit": 400000,
        "liabilityLimitRate": 0.66,
        "epInclusionExclusion": "excluded",
        "deductibleSIR": "Deductible",
        "retention": "500",
        "aggregateRetention": 1000,
        "experienceFactorIsSelected": true,
        "type": "Each Wrongful Act",
        "expense": "Excluded",
        "policyType": "Claims Made",
        "retroDate": "2015-11-11T10:18:31.421Z",
        "yearsinCMProgram": 4,
        "irpmApplies": true,
        "irpmFactor": 1,
        "otherModRate": 1.75,
        "educatorsLegalOptionalCoverage": {
          "nonMonetaryDefenseIsSelected": true,
          "nonMonetaryDefenseLimit": 50000,
          "nonMonetaryDefenseAggregateLimit": 100000,
          "nonMonetaryDefenseDeductible": 0,
          "nonMonetaryDefenseRatingBasis": "Flat Charge",
          "nonMonetaryDefenseReturnMethod": "Pro rata",
          "nonMonetaryDefenseRate": 0,
          "nonMonetaryDefenseUnmodifiedPremium": 1500,
          "nonMonetaryDefenseModifiedPremium": 0,
          "nonMonetaryDefenseIncludedInExcessExposure": "",
          "ideaIsSelected": true,
          "ideaLimit": 10000,
          "ideaAggregateLimit": 50000,
          "ideaDeductible": 0,
          "ideaRatingBasis": "Flat Charge",
          "ideaReturnMethod": "Pro rata",
          "ideaRate": 0,
          "ideaUnmodifiedPremium": 500,
          "ideaModifiedPremium": 0,
          "ideaIncludedInExcessExposure": "",
          "supplExtendedReportingPeriodIsSelected": false,
          "supplExtendedReportingPeriodLimit": 0,
          "supplExtendedReportingPeriodAggregateLimit": 0,
          "supplExtendedReportingPeriodDeductible": 0,
          "supplExtendedReportingPeriodRatingBasis": "string",
          "supplExtendedReportingPeriodReturnMethod": "string",
          "supplExtendedReportingPeriodRate": 0,
          "supplExtendedReportingPeriodUnmodifiedPremium": 0,
          "supplExtendedReportingPeriodModifiedPremium": 0,
          "supplExtendedReportingPeriodInverseCondemnationIncludedInExcessExposure": "",
          "educatorsLegalOtherCoverage": [
            {
              "otherCoverageID": 1,
              "otherCoverageDescription": "Other3 1000",
              "otherCoverageLimit": 30000,
              "otherCoverageAggregateLimit": 100000,
              "otherCoverageDeductible": 0,
              "otherCoverageRate": 0.2,
              "otherCoverageRatingBasis": "per 1000 of limit",
              "otherCoverageReturnMethod": "Pro rata",
              "otherCoveragePremium": 0,
              "otherCoverageUnmodifiedPremium": 0,
              "otherCoverageModifiedPremium": 0,
              "otherCoverageIncludedInExcessExposure": ""
            }
          ],
          "otherCoverageTotalPremium": 0
        }
      }
    },
    "directorsAndOfficers": null
  },
  "pricingInputModel": {
    "terrorismAcceptedRejected": true,
    "tierPlan": "Preferred",
    "nyftz": "string"
  },
  "lastTransactionModel": {
    "lastPremium": 0
  }
}