{
  "lineOfBusiness": {
    "property": false,
    "generalLiability": false,
    "publicOfficials": false,
    "educatorsLegal": true,
    "employmentPractices": false,
    "employmentPracticesSchool": false,
    "auto": false,
    "inlandMarine": false,
    "excess": false,
    "lawEnforcement": false,
    "directorsAndOfficers": false,
    "crime": false,
    "ocp1": false,
    "ocp2": false,
    "ocp3": false,
    "ocp4": false,
    "ocp5": false
  },
  "policyHeaderModel": {
    "locationType": "metro",
    "id": 11,
    "controlNumber": 11,
    "quoteId": 4,
    "state": "NY",
    "isEndorsement": false,
    "nameInsured": "string",
    "primaryClass": "SC",
    "secondaryClass": "University",
    "policyEffectiveDate": "2021-11-15T10:18:31.416Z",
    "policyExpirationDate": "2022-11-15T10:18:31.416Z",
    "transactionEffectiveDate": "2021-11-15T10:18:31.416Z",
    "transactionType": "NewBusiness",
    "transactionCode": "NB",
    "desc": "string",
    "clientId": "22",
    "company": "Argonaut Insurance Company",
    "populationADA": 99999999,
    "terrorismCoverage": false
  },
  "lineOfBusinessInputModel": {
    "educatorsLegal": {
      "cw": {},
      "ny": {
        "exposure": 15000,
        "exposureRate": 4,
        "liabilityLimit": 2000000,
        "aggregateLimit": 6000000,
        "liabilityLimitRate": 1.1,
        "epInclusionExclusion": "Excluded",
        "nyepInclusionExclusion": true,
        "nyepLimit": 1000000,
        "nyepLimitRate": 1,
        "nyepAggLimit": 3000000,
        "deductibleSIR": "deductible",
        "retention": "$1,000 Loss + 50% LAE",
        "aggregateRetention": 2000,
        "type": "Each Wrongful Act",
        "expense": "Excluded",
        "policyType": "Claims Made",
        "retroDate": "2019-10-10T10:18:31.422Z",
        "yearsinCMProgram": 1,
        "irpmApplies": true,
        "irpmFactor": 1.15,
        "otherModRate": 1.15,
        "educatorsLegalOptionalCoverage": {
          "supplExtendedReportingPeriodIsSelected": false,
          "supplExtendedReportingPeriodLimit": 0,
          "supplExtendedReportingPeriodAggregateLimit": 0,
          "supplExtendedReportingPeriodDeductible": 0,
          "supplExtendedReportingPeriodRatingBasis": "string",
          "supplExtendedReportingPeriodReturnMethod": "string",
          "supplExtendedReportingPeriodRate": 0,
          "supplExtendedReportingPeriodUnmodifiedPremium": 0,
          "supplExtendedReportingPeriodModifiedPremium": 0,
          "supplExtendedReportingPeriodIncludedInExcessExposure": "",
          "educatorsLegalOtherCoverage": [
            {
              "otherCoverageID": 1,
              "otherCoverageDescription": "Other1 EL",
              "otherCoverageLimit": 200000,
              "otherCoverageAggregateLimit": 200000,
              "otherCoverageDeductible": 10,
              "otherCoverageRate": 0,
              "otherCoverageRatingBasis": "Flat Charge",
              "otherCoverageReturnMethod": "Pro rata",
              "otherCoverageUnmodifiedPremium": 30,
              "otherCoverageModifiedPremium": 0,
              "otherCoverageIncludedInExcessExposure": ""
            },
            {
              "otherCoverageID": 2,
              "otherCoverageDescription": "Other2 EL",
              "otherCoverageLimit": 200000,
              "otherCoverageAggregateLimit": 100000,
              "otherCoverageDeductible": 10,
              "otherCoverageRate": 0.1,
              "otherCoverageRatingBasis": "per 1000 of limit",
              "otherCoverageReturnMethod": "Pro rata",
              "otherCoverageUnmodifiedPremium": 20,
              "otherCoverageModifiedPremium": 0,
              "otherCoverageIncludedInExcessExposure": ""
            }
          ]
        }
      }
    },
    "directorsAndOfficers": null
  },
  "pricingInputModel": {
    "terrorismAcceptedRejected": false,
    "tierPlan": "Standard",
    "nyftz": "string"
  },
  "lastTransactionModel": {
    "lastPremium": 0
  }
}