﻿{
  "Test_Environment": "Local",
  "ServerUrl_Local": "https://localhost:44325/",
  "ServerUrl_KMG_Development": "http://14.141.169.226:6055/",
  "ServerUrl_KMG_Staging": "http://14.141.169.226:6055/",
  "ServerUrl_Azure_Development": "https://trident-rater-dev.azurewebsites.net/",
  "ServerUrl_Azure_Staging": "https://trident-rater-qa.azurewebsites.net/",
  "ServerUrl": "https://localhost:44325/",
  "ApiEndPoints": {
    "GetEndPoint": "Get/",
    "PostEndPoint": "api/Rater/Rate",
    "RateEndPoint": "api/Rater/Rate"
  }
}
