{
  "lineOfBusiness": {
    "property": false,
    "generalLiability": false,
    "publicOfficials": false,
    "educatorsLegal": false,
    "employmentPractices": true,
    "auto": false,
    "inlandMarine": false,
    "excess": true,
    "ocp1": false,
    "ocp2": false,
    "ocp3": false,
    "ocp4": false,
    "ocp5": false
  },
  "policyHeaderModel": {
    "locationType": "Metro",
    "id": 0,
    "controlNumber": 0,
    "quoteId": 0,
    "state": "MA",
    "isEndorsement": true,
    "nameInsured": "string",
    "primaryClass": "MU",
    "secondaryClass": "string",
    "policyEffectiveDate": "2021-08-12T04:38:38.695Z",
    "policyExpirationDate": "2022-08-12T04:38:38.695Z",
    "transactionEffectiveDate": "2021-08-12T04:38:38.695Z",
    "transactionType": "string",
    "transactionCode": "string",
    "desc": "string",
    "clientId": "string",
    "company": "string",
    "populationADA": 25000,
    "terrorismCoverage": true
  },
  "lineOfBusinessInputModel": {
    "excess": {},
    "employmentPractices": {
      "exposure": 550,
      "exposureRate": -1.09,
      "liabilityLimit": 1000000,
      "aggregateLimit": 600000,
      "liabilityLimitRate": -0.79,
      "deductibleSIR": "deductible",
      "retention": 2500,
      "aggregateRetention": 25000,
      "type": "Each Wrongful Act",
      "expense": "Included",
      "lossExperienceIsSelected": true,
      "policyType": "Claims Made",
      "retroActiveDate": "2019-02-01",
      "yearsinCMProgram": 3,
      "irpmFactor": 1,
      "otherModFactor": 1,
      "irpmApplies": true,
      "employmentPracticesOptionalCoverageModel": {
        "backWagesIsSelected": false,
        "backWagesLimit": 0,
        "backWagesAggregateLimit": 0,
        "backWagesDeductible": 0,
        "backWagesRatingBasis": "string",
        "backWagesReturnMethod": "string",
        "backWagesRate": 0,
        "backWagesUnmodifiedPremium": 0,
        "backWagesModifiedPremium": 0,
        "backWagesIncludedInExcessExposure": null,
        "nonMonetaryDefenseIsSelected": true,
        "nonMonetaryDefenseLimit": 50000,
        "nonMonetaryDefenseAggregateLimit": 200000,
        "nonMonetaryDefenseDeductible": 2500,
        "nonMonetaryDefenseRatingBasis": "Flat Charge",
        "nonMonetaryDefenseReturnMethod": "Prorata",
        "nonMonetaryDefenseRate": 0,
        "nonMonetaryDefenseUnmodifiedPremium": 2000,
        "nonMonetaryDefenseModifiedPremium": 0,
        "nonMonetaryDefenseIncludedInExcessExposure": null,
        "eeocIsSelected": true,
        "eeocLimit": 10000,
        "eeocAggregateLimit": 50000,
        "eeocDeductible": 2500,
        "eeocRatingBasis": "Flat Charge",
        "eeocReturnMethod": "Prorata",
        "eeocRate": 0,
        "eeocUnmodifiedPremium": 0,
        "eeocModifiedPremium": 0,
        "eeocIncludedInExcessExposure": null,
        "lossAdjustmentExpenseWrongfulActIsSelected": true,
        "lossAdjustmentExpenseWrongfulActLimit": 100000,
        "lossAdjustmentExpenseWrongfulActAggregateLimit": 0,
        "lossAdjustmentExpenseWrongfulActDeductible": 0,
        "lossAdjustmentExpenseWrongfulActRatingBasis": "Flat charge",
        "lossAdjustmentExpenseWrongfulActRate": 0,
        "lossAdjustmentExpenseWrongfulActReturnMethod": "Prorata",
        "lossAdjustmentExpenseWrongfulActUnmodifiedPremium": 60,
        "lossAdjustmentExpenseWrongfulActModifiedPremium": 0,
        "lossAdjustmentExpenseWrongfulActIncludedInExcessExposure": null,
        "supplExtendedReportingPeriodIsSelected": false,
        "supplExtendedReportingPeriodLimit": 0,
        "supplExtendedReportingPeriodAggregateLimit": 0,
        "supplExtendedReportingPeriodDeductible": 0,
        "supplExtendedReportingPeriodRatingBasis": "string",
        "supplExtendedReportingPeriodReturnMethod": "string",
        "supplExtendedReportingPeriodRate": 0,
        "supplExtendedReportingPeriodUnmodifiedPremium": 0,
        "supplExtendedReportingPeriodModifiedPremium": 0,
        "supplExtendedReportingPeriodIncludedInExcessExposure": null,
        "employmentPracticesOtherCoverageModel": [
          {
            "otherCoverageID": 1,
            "otherCoverageDescription": "string",
            "otherCoverageLimit": 20000,
            "otherCoverageAggregateLimit": 100,
            "otherCoverageDeductible": 0,
            "otherCoverageRate": 0,
            "otherCoverageRatingBasis": "Flat charge",
            "otherCoverageReturnMethod": "Pro rata",
            "otherCoverageUnmodifiedPremium": 20,
            "otherCoverageModifiedPremium": 0,
            "otherCoverageIncludedInExcessExposure": "true"
          },
          {
            "otherCoverageID": 2,
            "otherCoverageDescription": "string",
            "otherCoverageLimit": 10000,
            "otherCoverageAggregateLimit": 10,
            "otherCoverageDeductible": 0,
            "otherCoverageRate": 0.3,
            "otherCoverageRatingBasis": "PER 1000 OF LIMIT",
            "otherCoverageReturnMethod": "Pro rata",
            "otherCoverageUnmodifiedPremium": 30,
            "otherCoverageModifiedPremium": 0,
            "otherCoverageIncludedInExcessExposure": "false"
          },
          {
            "otherCoverageID": 3,
            "otherCoverageDescription": "string",
            "otherCoverageLimit": 80000,
            "otherCoverageAggregateLimit": 80000,
            "otherCoverageDeductible": 0,
            "otherCoverageRate": 0.5,
            "otherCoverageRatingBasis": "per 1000 of limit",
            "otherCoverageReturnMethod": "Pro rata",
            "otherCoverageUnmodifiedPremium": 40,
            "otherCoverageModifiedPremium": 0,
            "otherCoverageIncludedInExcessExposure": "true"
          }
        ]
      }
    }
  },
  "pricingInputModel": {
    "terrorismAcceptedRejected": true,
    "tierPlan": "preferred",
    "nyftz": "string"
  },
  "lastTransactionModel": {
    "lastPremium": 0
  }
}