{
  "lineOfBusiness": {
    "property": false,
    "generalLiability": false,
    "publicOfficials": false,
    "educatorsLegal": false,
    "employmentPractices": true,
    "auto": false,
    "inlandMarine": false,
    "excess": false,
    "ocp1": false,
    "ocp2": false,
    "ocp3": false,
    "ocp4": false,
    "ocp5": false
  },
  "policyHeaderModel": {
    "locationType": "Rural",
    "id": 0,
    "controlNumber": 0,
    "quoteId": 0,
    "state": "OH",
    "isEndorsement": true,
    "nameInsured": "string",
    "primaryClass": "SC",
    "secondaryClass": "string",
    "policyEffectiveDate": "2021-08-12T04:38:38.695Z",
    "policyExpirationDate": "2022-08-12T04:38:38.695Z",
    "transactionEffectiveDate": "2021-08-12T04:38:38.695Z",
    "transactionType": "string",
    "transactionCode": "string",
    "desc": "string",
    "clientId": "string",
    "company": "string",
    "populationADA": 65000,
    "terrorismCoverage": true
  },
  "lineOfBusinessInputModel": {
    "employmentPractices": {
      "exposure": 250,
      "exposureRate": 5,
      "liabilityLimit": 500000,
      "aggregateLimit": 1000000,
      "liabilityLimitRate": 0.87,
      "deductibleSIR": "SIR",
      "retention": 25000,
      "aggregateRetention": 25000,
      "type": "Each Wrongful Act",
      "expense": "Included",
      "lossExperienceIsSelected": true,
      "policyType": "Occurrence",
      "retroActiveDate": "2019-02-01",
      "yearsinCMProgram": 3,
      "irpmFactor": 1.2,
      "otherModFactor": 0.75,
      "irpmApplies": true,
      "employmentPracticesOptionalCoverageModel": {
        "backWagesIsSelected": true,
        "backWagesLimit": 50000,
        "backWagesAggregateLimit": 0,
        "backWagesDeductible": 10000,
        "backWagesRatingBasis": "Flat Charge",
        "backWagesReturnMethod": "Prorata",
        "backWagesRate": 0,
        "backWagesIncludedInExcessExposure": null,
        "backWagesUnmodifiedPremium": 40,
        "backWagesModifiedPremium": 0,
        "nonMonetaryDefenseIsSelected": true,
        "nonMonetaryDefenseLimit": 50000,
        "nonMonetaryDefenseAggregateLimit": 200000,
        "nonMonetaryDefenseDeductible": 2500,
        "nonMonetaryDefenseRatingBasis": "Flat Charge",
        "nonMonetaryDefenseReturnMethod": "Prorata",
        "nonMonetaryDefenseRate": 0,
        "nonMonetaryDefenseUnmodifiedPremium": 2000,
        "nonMonetaryDefenseModifiedPremium": 0,
        "nonMonetaryDefenseIncludedInExcessExposure": null,
        "eeocIsSelected": true,
        "eeocLimit": 10000,
        "eeocAggregateLimit": 50000,
        "eeocDeductible": 2500,
        "eeocRatingBasis": "Flat Charge",
        "eeocReturnMethod": "Prorata",
        "eeocRate": 0,
        "eeocUnmodifiedPremium": 0,
        "eeocModifiedPremium": 0,
        "eeocIncludedInExcessExposure": null,
        "lossAdjustmentExpenseWrongfulActIsSelected": false,
        "lossAdjustmentExpenseWrongfulActLimit": 0,
        "lossAdjustmentExpenseWrongfulActAggregateLimit": 0,
        "lossAdjustmentExpenseWrongfulActDeductible": 0,
        "lossAdjustmentExpenseWrongfulActRatingBasis": "string",
        "lossAdjustmentExpenseWrongfulActRate": 0,
        "lossAdjustmentExpenseWrongfulActReturnMethod": "string",
        "lossAdjustmentExpenseWrongfulActUnmodifiedPremium": 0,
        "lossAdjustmentExpenseWrongfulActModifiedPremium": 0,
        "lossAdjustmentExpenseWrongfulActIncludedInExcessExposure": null,
        "supplExtendedReportingPeriodIsSelected": false,
        "supplExtendedReportingPeriodLimit": 0,
        "supplExtendedReportingPeriodAggregateLimit": 0,
        "supplExtendedReportingPeriodDeductible": 0,
        "supplExtendedReportingPeriodRatingBasis": "string",
        "supplExtendedReportingPeriodReturnMethod": "string",
        "supplExtendedReportingPeriodRate": 0,
        "supplExtendedReportingPeriodUnmodifiedPremium": 0,
        "supplExtendedReportingPeriodModifiedPremium": 0,
        "supplExtendedReportingPeriodIncludedInExcessExposure": null,
        "employmentPracticesOtherCoverageModel": [
          {
            "otherCoverageID": 1,
            "otherCoverageDescription": "string",
            "otherCoverageLimit": 50000,
            "otherCoverageAggregateLimit": 100000,
            "otherCoverageDeductible": 0,
            "otherCoverageRate": 0.5,
            "otherCoverageRatingBasis": "per 1000 of limit",
            "otherCoverageReturnMethod": "Prorata",
            "otherCoverageUnmodifiedPremium": 25,
            "otherCoverageModifiedPremium": 0,
            "otherCoverageIncludedInExcessExposure": null
          },
          {
            "otherCoverageID": 2,
            "otherCoverageDescription": "string",
            "otherCoverageLimit": 80000,
            "otherCoverageAggregateLimit": 80000,
            "otherCoverageDeductible": 0,
            "otherCoverageRate": 0.5,
            "otherCoverageRatingBasis": "per 1000 of limit",
            "otherCoverageReturnMethod": "Prorata",
            "otherCoverageUnmodifiedPremium": 40,
            "otherCoverageModifiedPremium": 0,
            "otherCoverageIncludedInExcessExposure": null
          },
          {
            "otherCoverageID": 3,
            "otherCoverageDescription": "string",
            "otherCoverageLimit": 50000,
            "otherCoverageAggregateLimit": 100000,
            "otherCoverageDeductible": 0,
            "otherCoverageRate": 0.1,
            "otherCoverageRatingBasis": "per 100 of limit",
            "otherCoverageReturnMethod": "Prorata",
            "otherCoverageUnmodifiedPremium": 50,
            "otherCoverageModifiedPremium": 0,
            "otherCoverageIncludedInExcessExposure": null
          }
        ]
      }
    }
  },
  "pricingInputModel": {
    "terrorismAcceptedRejected": true,
    "tierPlan": "preferred",
    "nyftz": "string"
  },
  "lastTransactionModel": {
    "lastPremium": 0
  }
}