{
  "lineOfBusiness": {
    "property": false,
    "generalLiability": false,
    "publicOfficials": false,
    "educatorsLegal": false,
    "employmentPractices": false,
    "employmentPracticesSchool": true,
    "auto": false,
    "inlandMarine": false,
    "excess": true,
    "ocp1": false,
    "ocp2": false,
    "ocp3": false,
    "ocp4": false,
    "ocp5": false,
    "lawEnforcement": false
  },
  "policyHeaderModel": {
    "locationType": "Rural",
    "id": 1,
    "controlNumber": 0,
    "quoteId": 0,
    "state": "CT",
    "isEndorsement": true,
    "nameInsured": "string",
    "primaryClass": "MSC",
    "secondaryClass": "string",
    "policyEffectiveDate": "2021-09-02T12:10:52.819Z",
    "policyExpirationDate": "2022-09-02T12:10:52.819Z",
    "transactionEffectiveDate": "2021-09-02T12:10:52.819Z",
    "transactionType": "NewBusiness",
    "transactionCode": "string",
    "desc": "string",
    "clientId": "Paragon",
    "company": "string",
    "populationADA": 50000,
    "terrorismCoverage": true
  },
  "lineOfBusinessInputModel": {
    "employmentPracticesSchool": {
      "exposure": 550,
      "exposureRate": 4.55,
      "liabilityLimit": 1000000,
      "aggregateLimit": 300000,
      "liabilityLimitRate": 0.79,
      "deductibleSIR": "deductible",
      "retention": 500,
      "aggregateRetention": 1,
      "type": "Each Wrongful Act",
      "expense": "Included",
      "lossExperienceIsSelected": true,
      "policyType": "Claims Made",
      "retroActiveDate": "2018-12-12T09:12:31.622Z",
      "yearsinCMProgram": 2,
      "irpmRate": 1,
      "otherModRate": 1,
      "irpmApplies": true,
      "EmploymentPracticesSchoolOptionalCoverageModel": {
        "nonMonetaryDefenseIncludedInExcessExposure": null,
        "nonMonetaryDefenseIsSelected": true,
        "nonMonetaryDefenseLimit": 50000,
        "nonMonetaryDefenseAggregateLimit": 100000,
        "nonMonetaryDefenseDeductible": 2500,
        "nonMonetaryDefenseRatingBasis": "Flat Charge",
        "nonMonetaryDefenseReturnMethod": "Pro rata",
        "nonMonetaryDefenseRate": 0,
        "nonMonetaryDefenseUnmodifiedPremium": 1500,
        "nonMonetaryDefenseModifiedPremium": 0,
        "eeocIncludedInExcessExposure": "",
        "eeocIsSelected": true,
        "eeocLimit": 25000,
        "eeocAggregateLimit": 50000,
        "eeocDeductible": 2500,
        "eeocRatingBasis": "Flat Charge",
        "eeocReturnMethod": "Pro rata",
        "eeocRate": 0,
        "eeocUnmodifiedPremium": 750,
        "eeocModifiedPremium": 0,
        "lossAdjustmentExpenseWrongfulActIncludedInExcessExposure": "TRUE",
        "lossAdjustmentExpenseWrongfulActIsSelected": true,
        "lossAdjustmentExpenseWrongfulActLimit": 0,
        "lossAdjustmentExpenseWrongfulActAggregateLimit": 0,
        "lossAdjustmentExpenseWrongfulActDeductible": 0,
        "lossAdjustmentExpenseWrongfulActRatingBasis": "Flat charge",
        "lossAdjustmentExpenseWrongfulActRate": 0,
        "lossAdjustmentExpenseWrongfulActReturnMethod": "Pro rata",
        "lossAdjustmentExpenseWrongfulActUnmodifiedPremium": 60,
        "lossAdjustmentExpenseWrongfulActModifiedPremium": 0,
        "supplExtendedReportingPeriodIncludedInExcessExposure": "TRUE",
        "supplExtendedReportingPeriodIsSelected": false,
        "supplExtendedReportingPeriodLimit": 0,
        "supplExtendedReportingPeriodAggregateLimit": 0,
        "supplExtendedReportingPeriodDeductible": 0,
        "supplExtendedReportingPeriodRatingBasis": "string",
        "supplExtendedReportingPeriodReturnMethod": "string",
        "supplExtendedReportingPeriodRate": 0,
        "supplExtendedReportingPeriodUnmodifiedPremium": 0,
        "supplExtendedReportingPeriodModifiedPremium": 0,
        "EmploymentPracticesSchoolOtherCoverageModel": [
          {
            "otherCoverageID": 1,
            "otherCoverageDescription": "Other 1",
            "otherCoverageLimit": 20000,
            "otherCoverageAggregateLimit": 100,
            "otherCoverageDeductible": 0,
            "otherCoverageRatingBasis": "Flat charge",
            "otherCoverageReturnMethod": "Pro rata",
            "otherCoverageRate": 0,
            "otherCoverageUnmodifiedPremium": 20,
            "otherCoverageModifiedPremium": 0,
            "otherCoverageIncludedInExcessExposure": "TRUE"
          },
          {
            "otherCoverageID": 2,
            "otherCoverageDescription": "Other 2",
            "otherCoverageLimit": 50000,
            "otherCoverageAggregateLimit": 10,
            "otherCoverageDeductible": 0,
            "otherCoverageRatingBasis": "PER 1000 OF LIMIT",
            "otherCoverageReturnMethod": "Pro rata",
            "otherCoverageRate": 0.8,
            "otherCoverageUnmodifiedPremium": 40,
            "otherCoverageModifiedPremium": 0,
            "otherCoverageIncludedInExcessExposure": "TRUE"
          },
          {
            "otherCoverageID": 3,
            "otherCoverageDescription": "Other 3",
            "otherCoverageLimit": 20000,
            "otherCoverageAggregateLimit": 10,
            "otherCoverageDeductible": 0,
            "otherCoverageRatingBasis": "per 100 of limit",
            "otherCoverageReturnMethod": "Pro rata",
            "otherCoverageRate": 0.3,
            "otherCoverageUnmodifiedPremium": 60,
            "otherCoverageModifiedPremium": 0,
            "otherCoverageIncludedInExcessExposure": "TRUE"
          }
        ]
      }
    },
    "excess": {}
  },
  "pricingInputModel": {
    "terrorismAcceptedRejected": true,
    "tierPlan": "Standard",
    "nyftz": "string"
  },
  "lastTransactionModel": {
    "lastPremium": 0
  }
}