{
  "lineOfBusiness": {
    "property": false,
    "generalLiability": true,
    "publicOfficials": false,
    "educatorsLegal": false,
    "employmentPractices": false,
    "employmentPracticesSchool": false,
    "auto": false,
    "inlandMarine": false,
    "excess": true,
    "lawEnforcement": false,
    "directorsAndOfficers": false,
    "crime": false,
    "ocp1": false,
    "ocp2": false,
    "ocp3": false,
    "ocp4": false,
    "ocp5": false
  },
  "policyHeaderModel": {
    "locationType": "Metro",
    "id": 1,
    "controlNumber": 2,
    "quoteId": 3,
    "state": "AL",
    "isEndorsement": false,
    "nameInsured": "GL Test-123",
    "primaryClass": "FD",
    "secondaryClass": "string",
    "policyEffectiveDate": "2021-10-10T08:00:32.742Z",
    "policyExpirationDate": "2022-10-10T08:00:32.742Z",
    "transactionEffectiveDate": "2021-10-11T08:00:32.742Z",
    "transactionType": "NewBusiness",
    "transactionCode": "NB",
    "desc": "GLTEST",
    "clientId": "12",
    "company": "Argonaut Great Central Insurance Company",
    "populationADA": 99999999,
    "terrorismCoverage": true
  },
  "lineOfBusinessInputModel": {
    "excess": {},
    "generalLiability": {
      "exposure": 350000,
      "exposureRate": 2,
      "ada": 0,
      "adaRate": 0,
      "liabilityLimit": "1000000",
      "liabilityLimitRate": 1,
      "damageToPremisesLimit": "100000",
      "damageToPremisesUnmodifiedPremium": 70,
      "damageToPremisesIncludedInExcessExposure": "True",
      "medicalPaymentLimit": "25000",
      "medicalPaymentUnmodifiedPremium": 30,
      "medicalPaymentIncludedInExcessExposure": "False",
      "personalandAdvertisingInjuryLimit": "100000",
      "aggregateLimit": 1000000,
      "productsCompletedAggregateLimit": 50,
      "policyType": "Occurrence",
      "retroActiveDate": "2018-10-10T08:00:32.744Z",
      "yearsinClaimsMadeProgram": 3,
      "deductibleSIR": "Deductible",
      "retention": 1000,
      "aggregateRetention": 2000,
      "type": "Per Claimant",
      "expense": "Included",
      "lossExperienceIsSelected": false,
      "irpmFactor": 0.99,
      "otherModFactor": 0.75,
      "irpmApplies": true,
      "ebLimit": "500000",
      "ebIncludedInExcessExposure": "False",
      "ebAggregateLimit": 1000000,
      "ebRetention": 1000,
      "ebPolicyType": "Occurrence",
      "ebRetroactiveDate": "2018-10-21T08:00:32.744Z",
      "ebUnmodifiedPremium": 0,
      "dataCompromiseReferralIsSelected": false,
      "dataCompromiseLimit": 1000000,
      "dataCompromiseDeductible": 10000,
      "nyDataCompromiseYearsinClaimsMade": 1,
      "dataCompromiseIncludedInExcessExposure": "False",
      "responseExpensePremium": 5205,
      "dataCompromiseLiabilityPremium": 1121,
      "cyberReferralIsSelected": true,
      "computerAttackLimit": 100000,
      "computerAttackDeductible": 1000,
      "computerAttackPremium": 1500,
      "networkSecurityAndElectronicMediaLiabilityLimit": 250000,
      "nyCyberYearsinClaimsMade": 1,
      "networkSecurityDeductible": 1000,
      "networkSecurityPremium": 1300,
      "cyberIncludedInExcessExposure": "False",
      "unmannedAircraftOption": "Coverage A - GL230",
      "unmannedAircraftAggregateLimit": 50000,
      "unmannedAircraftcoverageIncludedinExcessExposure": "False",
      "unmannedAircraftcoverage15lbsorLessRate": 450,
      "unmannedAircraftcoverage15lbsorLessTotalUnits": 3,
      "unmannedAircraftcoverage15Pt1toLessThen55lbsRate": 1000,
      "unmannedAircraftcoverage15Pt1toLessThen55lbsTotalUnits": 2,
      "unmannedAircraftcoverageGreaterThenEqualto55lbsRate": 1500,
      "unmannedAircraftcoverageGreaterThenEqualto55lbsTotalUnits": 1,
      "generalLiabilityOptionalCoverageModel": {
        "cemeteryProfessionalLiabilityGL203IsSelected": true,
        "cemeteryProfessionalLiabilityGL203Limit": 0,
        "cemeteryProfessionalLiabilityGL203AggregateLimit": 0,
        "cemeteryProfessionalLiabilityGL203Deductible": 0,
        "cemeteryProfessionalLiabilityGL203RatingBasis": "Flat Charge",
        "cemeteryProfessionalLiabilityGL203ReturnMethod": "Pro-rata",
        "cemeteryProfessionalLiabilityGL203Rate": 0,
        "cemeteryProfessionalLiabilityGL203IncludedinExcessExposure": "False",
        "cemeteryProfessionalLiabilityGL203UnmodifiedPremium": 200,
        "cyberSupplExtendedReportingPeriodIsSelected": false,
        "cyberSupplExtendedReportingPeriodLimit": "string",
        "cyberSupplExtendedReportingPeriodAggregateLimit": 0,
        "cyberSupplExtendedReportingPeriodDeductible": 0,
        "cyberSupplExtendedReportingPeriodRatingBasis": "string",
        "cyberSupplExtendedReportingPeriodReturnMethod": "string",
        "cyberSupplExtendedReportingPeriodRate": 0,
        "cyberSupplExtendedReportingPeriodIncludedinExcessExposure": "string",
        "cyberSupplExtendedReportingPeriodUnmodifiedPremium": 0,
        "dataCompromiseSupplExtendedReportingPeriodIsSelected": false,
        "dataCompromiseSupplExtendedReportingPeriodLimit": "string",
        "dataCompromiseSupplExtendedReportingPeriodAggregateLimit": 0,
        "dataCompromiseSupplExtendedReportingPeriodDeductible": 0,
        "dataCompromiseSupplExtendedReportingPeriodRatingBasis": "string",
        "dataCompromiseSupplExtendedReportingPeriodReturnMethod": "string",
        "dataCompromiseSupplExtendedReportingPeriodRate": 0,
        "dataCompromiseSupplExtendedReportingPeriodIncludedinExcessExposure": "string",
        "dataCompromiseSupplExtendedReportingPeriodUnmodifiedPremium": 0,
        "employersLiabilityGL600IsSelected": false,
        "employersLiabilityGL600Limit": "string",
        "employersLiabilityGL600AggregateLimit": 0,
        "employersLiabilityGL600Deductible": 0,
        "employersLiabilityGL600RatingBasis": "string",
        "employersLiabilityGL600ReturnMethod": "string",
        "employersLiabilityGL600Rate": 0,
        "employersLiabilityGL600IncludedinExcessExposure": "string",
        "employersLiabilityGL600UnmodifiedPremium": 0,
        "failuretoSupplyExclusionGL304IsSelected": true,
        "failuretoSupplyExclusionGL304Limit": "500000",
        "failuretoSupplyExclusionGL304AggregateLimit": 0,
        "failuretoSupplyExclusionGL304Deductible": 0,
        "failuretoSupplyExclusionGL304RatingBasis": "GL Base Premium",
        "failuretoSupplyExclusionGL304ReturnMethod": "Pro-rata",
        "failuretoSupplyExclusionGL304Rate": -0.075,
        "failuretoSupplyExclusionGL304IncludedinExcessExposure": "False",
        "failuretoSupplyExclusionGL304UnmodifiedPremium": -75,
        "failuretoSupplySublimitGL211IsSelected": true,
        "failuretoSupplySublimitGL211Limit": 250000,
        "failuretoSupplySublimitGL211Aggregateimit": 0,
        "failuretoSupplySublimitGL211Deductible": 0,
        "failuretoSupplySublimitGL211RatingBasis": "GL Base Premium",
        "failuretoSupplySublimitGL211ReturnMethod": "Pro-rata",
        "failuretoSupplySublimitGL211Rate": 0.05,
        "failuretoSupplySublimitGL211IncludedinExcessExposure": "True",
        "failuretoSupplySublimitGL211UnmodifiedPremium": 0,
        "fellowEmployeeGL206IsSelected": true,
        "fellowEmployeeGL206Limit": 0,
        "fellowEmployeeGL206AggregateLimit": 0,
        "fellowEmployeeGL206Deductible": 0,
        "fellowEmployeeGL206RatingBasis": "GL Base Premium",
        "fellowEmployeeGL206ReturnMethod": "Pro-rata",
        "fellowEmployeeGL206Rate": 0.05,
        "fellowEmployeeGL206IncludedinExcessExposure": "True",
        "fellowEmployeeGL206UnmodifiedPremium": 0,
        "limitedPollutionCoverageGL210IsSelected": true,
        "limitedPollutionCoverageGL210Limit": 0,
        "limitedPollutionCoverageGL210AggregateLimit": 0,
        "limitedPollutionCoverageGL210Deductible": 0,
        "limitedPollutionCoverageGL210RatingBasis": "GL Base Premium",
        "limitedPollutionCoverageGL210ReturnMethod": "Pro-rata",
        "limitedPollutionCoverageGL210Rate": 0.025,
        "limitedPollutionCoverageGL210IncludedinExcessExposure": "True",
        "limitedPollutionCoverageGL210UnmodifiedPremium": 0,
        "paHeartAndLungBenefitsLimitperOfficerGL801IsSelected": false,
        "paHeartAndLungBenefitsLimitperOfficerGL801Limit": 0,
        "paHeartAndLungBenefitsLimitperOfficerGL801AggregateLimit": 0,
        "paHeartAndLungBenefitsLimitperOfficerGL801Deductible": 0,
        "paHeartAndLungBenefitsLimitperOfficerGL801RatingBasis": "string",
        "paHeartAndLungBenefitsLimitperOfficerGL801ReturnMethod": "string",
        "paHeartAndLungBenefitsLimitperOfficerGL801Rate": 0,
        "paHeartAndLungBenefitsLimitperOfficerGL801IncludedinExcessExposure": "string",
        "paHeartAndLungBenefitsLimitperOfficerGL801UnmodifiedPremium": 0,
        "paHeartAndLungBenefitsPolicyLevelAggregateGL800IsSelected": false,
        "paHeartAndLungBenefitsPolicyLevelAggregateGL800Limit": 0,
        "paHeartAndLungBenefitsPolicyLevelAggregateGL800AggregateLimit": 0,
        "paHeartAndLungBenefitsPolicyLevelAggregateGL800Deductible": 0,
        "paHeartAndLungBenefitsPolicyLevelAggregateGL800RatingBasis": "string",
        "paHeartAndLungBenefitsPolicyLevelAggregateGL800ReturnMethod": "string",
        "paHeartAndLungBenefitsPolicyLevelAggregateGL800Rate": 0,
        "paHeartAndLungBenefitsPolicyLevelAggregateGL800IncludedinExcessExposure": "string",
        "paHeartAndLungBenefitsPolicyLevelAggregateGL800UnmodifiedPremium": 0,
        "pesticideorHerbicideApplicatorAG7314IsSelected": false,
        "pesticideorHerbicideApplicatorAG7314Limit": 0,
        "pesticideorHerbicideApplicatorAG7314AggregateLimit": 0,
        "pesticideorHerbicideApplicatorAG7314Deductible": 0,
        "pesticideorHerbicideApplicatorAG7314RatingBasis": "string",
        "pesticideorHerbicideApplicatorAG7314ReturnMethod": "string",
        "pesticideorHerbicideApplicatorAG7314Rate": 0,
        "pesticideorHerbicideApplicatorAG7314IncludedinExcessExposure": "string",
        "pesticideorHerbicideApplicatorAG7314UnmodifiedPremium": 0,
        "schoolViolentEventResponseAGGL1000IsSelected": false,
        "schoolViolentEventResponseAGGL1000Limit": 0,
        "schoolViolentEventResponseAGGL1000AggregateLimit": 0,
        "schoolViolentEventResponseAGGL1000Deductible": 0,
        "schoolViolentEventResponseAGGL1000RatingBasis": "string",
        "schoolViolentEventResponseAGGL1000ReturnMethod": "string",
        "schoolViolentEventResponseAGGL1000Rate": 0,
        "schoolViolentEventResponseAGGL1000IncludedinExcessExposure": "string",
        "schoolViolentEventResponseAGGL1000UnmodifiedPremium": 0,
        "sewerBackupAggregateLimitGL217IsSelected": true,
        "sewerBackupAggregateLimitGL217Limit": 0,
        "sewerBackupAggregateLimitGL217AggregateLimit": 250000,
        "sewerBackupAggregateLimitGL217Deductible": 0,
        "sewerBackupAggregateLimitGL217RatingBasis": "Flat charge",
        "sewerBackupAggregateLimitGL217ReturnMethod": "Pro-rata",
        "sewerBackupAggregateLimitGL217Rate": 0,
        "sewerBackupAggregateLimitGL217IncludedinExcessExposure": "false",
        "sewerBackupAggregateLimitGL217UnmodifiedPremium": 180,
        "sewerBackupSublimitGL260IsSelected": false,
        "sewerBackupSublimitGL260Limit": 0,
        "sewerBackupSublimitGL260AggregateLimit": 0,
        "sewerBackupSublimitGL260Deductible": 0,
        "sewerBackupSublimitGL260RatingBasis": "string",
        "sewerBackupSublimitGL260ReturnMethod": "string",
        "sewerBackupSublimitGL260Rate": 0,
        "sewerBackupSublimitGL260IncludedinExcessExposure": "string",
        "sewerBackupSublimitGL260UnmodifiedPremium": 0,
        "additionalInsuredControllingInterestCG2005IsSelected": true,
        "additionalInsuredControllingInterestCG2005Limit": 0,
        "additionalInsuredControllingInterestCG2005AggregateLimit": 0,
        "additionalInsuredControllingInterestCG2005Deductible": 0,
        "additionalInsuredControllingInterestCG2005RatingBasis": "Flat Charge",
        "additionalInsuredControllingInterestCG2005ReturnMethod": "Fully earned",
        "additionalInsuredControllingInterestCG2005Rate": 0,
        "additionalInsuredControllingInterestCG2005IncludedinExcessExposure": "False",
        "additionalInsuredControllingInterestCG2005UnmodifiedPremium": 100,
        "additionalInsuredDesignatedPersonorOrganizationCG2026IsSelected": false,
        "additionalInsuredDesignatedPersonorOrganizationCG2026Limit": 0,
        "additionalInsuredDesignatedPersonorOrganizationCG2026AggregateLimit": 0,
        "additionalInsuredDesignatedPersonorOrganizationCG2026Deductible": 0,
        "additionalInsuredDesignatedPersonorOrganizationCG2026RatingBasis": "string",
        "additionalInsuredDesignatedPersonorOrganizationCG2026ReturnMethod": "string",
        "additionalInsuredDesignatedPersonorOrganizationCG2026Rate": 0,
        "additionalInsuredDesignatedPersonorOrganizationCG2026IncludedinExcessExposure": "string",
        "additionalInsuredDesignatedPersonorOrganizationCG2026UnmodifiedPremium": 0,
        "additionalInsuredDesignatedPersonOrOrganizationForaSpecifiedEventAG7305IsSelected": false,
        "additionalInsuredDesignatedPersonOrOrganizationForaSpecifiedEventAG7305Limit": 0,
        "additionalInsuredDesignatedPersonOrOrganizationForaSpecifiedEventAG7305AggregateLimit": 0,
        "additionalInsuredDesignatedPersonOrOrganizationForaSpecifiedEventAG7305Deductible": 0,
        "additionalInsuredDesignatedPersonOrOrganizationForaSpecifiedEventAG7305RatingBasis": "string",
        "additionalInsuredDesignatedPersonOrOrganizationForaSpecifiedEventAG7305ReturnMethod": "string",
        "additionalInsuredDesignatedPersonOrOrganizationForaSpecifiedEventAG7305Rate": 0,
        "additionalInsuredDesignatedPersonOrOrganizationForaSpecifiedEventAG7305IncludedinExcessExposure": "string",
        "additionalInsuredDesignatedPersonOrOrganizationForaSpecifiedEventAG7305UnmodifiedPremium": 0,
        "additionalInsuredDesignatedPersonOrOrganizationForDesignatedPremisesAG7306IsSelected": false,
        "additionalInsuredDesignatedPersonOrOrganizationForDesignatedPremisesAG7306Limit": 0,
        "additionalInsuredDesignatedPersonOrOrganizationForDesignatedPremisesAG7306AggregateLimit": 0,
        "additionalInsuredDesignatedPersonOrOrganizationForDesignatedPremisesAG7306Deductible": 0,
        "additionalInsuredDesignatedPersonOrOrganizationForDesignatedPremisesAG7306RatingBasis": "string",
        "additionalInsuredDesignatedPersonOrOrganizationForDesignatedPremisesAG7306ReturnMethod": "string",
        "additionalInsuredDesignatedPersonOrOrganizationForDesignatedPremisesAG7306Rate": 0,
        "additionalInsuredDesignatedPersonOrOrganizationForDesignatedPremisesAG7306IncludedinExcessExposure": "string",
        "additionalInsuredDesignatedPersonOrOrganizationForDesignatedPremisesAG7306UnmodifiedPremium": 0,
        "additionalInsuredLessorOfLeasedEquipmentAutomaticStatusWhenRequiredInLeaseAgreementWithYouCG2034IsSelected": false,
        "additionalInsuredLessorOfLeasedEquipmentAutomaticStatusWhenRequiredInLeaseAgreementWithYouCG2034Limit": 0,
        "additionalInsuredLessorOfLeasedEquipmentAutomaticStatusWhenRequiredInLeaseAgreementWithYouCG2034AggregateLimit": 0,
        "additionalInsuredLessorOfLeasedEquipmentAutomaticStatusWhenRequiredInLeaseAgreementWithYouCG2034Deductible": 0,
        "additionalInsuredLessorOfLeasedEquipmentAutomaticStatusWhenRequiredInLeaseAgreementWithYouCG2034RatingBasis": "string",
        "additionalInsuredLessorOfLeasedEquipmentAutomaticStatusWhenRequiredInLeaseAgreementWithYouCG2034ReturnMethod": "string",
        "additionalInsuredLessorOfLeasedEquipmentAutomaticStatusWhenRequiredInLeaseAgreementWithYouCG2034Rate": 0,
        "additionalInsuredLessorOfLeasedEquipmentAutomaticStatusWhenRequiredInLeaseAgreementWithYouCG2034IncludedinExcessExposure": "string",
        "additionalInsuredLessorOfLeasedEquipmentAutomaticStatusWhenRequiredInLeaseAgreementWithYouCG2034UnmodifiedPremium": 0,
        "additionalInsuredLessorofLeasedEquipmentCG2028IsSelected": true,
        "additionalInsuredLessorofLeasedEquipmentCG2028Limit": 0,
        "additionalInsuredLessorofLeasedEquipmentCG2028AggregateLimit": 0,
        "additionalInsuredLessorofLeasedEquipmentCG2028Deductible": 0,
        "additionalInsuredLessorofLeasedEquipmentCG2028RatingBasis": "Flat Charge",
        "additionalInsuredLessorofLeasedEquipmentCG2028ReturnMethod": "Fully earned",
        "additionalInsuredLessorofLeasedEquipmentCG2028Rate": 0,
        "additionalInsuredLessorofLeasedEquipmentCG2028IncludedinExcessExposure": "False",
        "additionalInsuredLessorofLeasedEquipmentCG2028UnmodifiedPremium": 160,
        "additionalInsuredManagersorLessorsofPremisesAutomaticStatusWhenRequiredinAgreementWithYouAG7307IsSelected": false,
        "additionalInsuredManagersorLessorsofPremisesAutomaticStatusWhenRequiredinAgreementWithYouAG7307Limit": 0,
        "additionalInsuredManagersorLessorsofPremisesAutomaticStatusWhenRequiredinAgreementWithYouAG7307AggregateLimit": 0,
        "additionalInsuredManagersorLessorsofPremisesAutomaticStatusWhenRequiredinAgreementWithYouAG7307Deductible": 0,
        "additionalInsuredManagersorLessorsofPremisesAutomaticStatusWhenRequiredinAgreementWithYouAG7307RatingBasis": "string",
        "additionalInsuredManagersorLessorsofPremisesAutomaticStatusWhenRequiredinAgreementWithYouAG7307ReturnMethod": "string",
        "additionalInsuredManagersorLessorsofPremisesAutomaticStatusWhenRequiredinAgreementWithYouAG7307Rate": 0,
        "additionalInsuredManagersorLessorsofPremisesAutomaticStatusWhenRequiredinAgreementWithYouAG7307IncludedinExcessExposure": "string",
        "additionalInsuredManagersorLessorsofPremisesAutomaticStatusWhenRequiredinAgreementWithYouAG7307UnmodifiedPremium": 0,
        "additionalInsuredManagersorLessorsofPremisesCG2011IsSelected": true,
        "additionalInsuredManagersorLessorsofPremisesCG2011Limit": 0,
        "additionalInsuredManagersorLessorsofPremisesCG2011AggregateLimit": 0,
        "additionalInsuredManagersorLessorsofPremisesCG2011Deductible": 0,
        "additionalInsuredManagersorLessorsofPremisesCG2011RatingBasis": "Flat Charge",
        "additionalInsuredManagersorLessorsofPremisesCG2011ReturnMethod": "Fully earned",
        "additionalInsuredManagersorLessorsofPremisesCG2011Rate": 0,
        "additionalInsuredManagersorLessorsofPremisesCG2011IncludedinExcessExposure": "False",
        "additionalInsuredManagersorLessorsofPremisesCG2011UnmodifiedPremium": 50,
        "additionalInsuredMortgageeAssigneeorReceiverCG2018IsSelected": true,
        "additionalInsuredMortgageeAssigneeorReceiverCG2018Limit": 0,
        "additionalInsuredMortgageeAssigneeorReceiverCG2018AggregateLimit": 0,
        "additionalInsuredMortgageeAssigneeorReceiverCG2018Deductible": 0,
        "additionalInsuredMortgageeAssigneeorReceiverCG2018RatingBasis": "Flat Charge",
        "additionalInsuredMortgageeAssigneeorReceiverCG2018ReturnMethod": "Fully earned",
        "additionalInsuredMortgageeAssigneeorReceiverCG2018Rate": 0,
        "additionalInsuredMortgageeAssigneeorReceiverCG2018IncludedinExcessExposure": "False",
        "additionalInsuredMortgageeAssigneeorReceiverCG2018UnmodifiedPremium": 20,
        "additionalInsuredOwnersorOtherInterestsFromWhomLandhasBeenLeasedCG2024IsSelected": true,
        "additionalInsuredOwnersorOtherInterestsFromWhomLandhasBeenLeasedCG2024Limit": 0,
        "additionalInsuredOwnersorOtherInterestsFromWhomLandhasBeenLeasedCG2024AggregateLimit": 0,
        "additionalInsuredOwnersorOtherInterestsFromWhomLandhasBeenLeasedCG2024Deductible": 0,
        "additionalInsuredOwnersorOtherInterestsFromWhomLandhasBeenLeasedCG2024RatingBasis": "Flat Charge",
        "additionalInsuredOwnersorOtherInterestsFromWhomLandhasBeenLeasedCG2024ReturnMethod": "Fully earned",
        "additionalInsuredOwnersorOtherInterestsFromWhomLandhasBeenLeasedCG2024Rate": 0,
        "additionalInsuredOwnersorOtherInterestsFromWhomLandhasBeenLeasedCG2024IncludedinExcessExposure": "False",
        "additionalInsuredOwnersorOtherInterestsFromWhomLandhasBeenLeasedCG2024UnmodifiedPremium": 20,
        "additionalInsuredStudentsInvolvedInTheSchoolsInternshipPracticumAndTeachingProgramAG7310IsSelected": false,
        "additionalInsuredStudentsInvolvedInTheSchoolsInternshipPracticumAndTeachingProgramAG7310Limit": 0,
        "additionalInsuredStudentsInvolvedInTheSchoolsInternshipPracticumAndTeachingProgramAG7310AggregateLimit": 0,
        "additionalInsuredStudentsInvolvedInTheSchoolsInternshipPracticumAndTeachingProgramAG7310Deductible": 0,
        "additionalInsuredStudentsInvolvedInTheSchoolsInternshipPracticumAndTeachingProgramAG7310RatingBasis": "string",
        "additionalInsuredStudentsInvolvedInTheSchoolsInternshipPracticumAndTeachingProgramAG7310ReturnMethod": "string",
        "additionalInsuredStudentsInvolvedInTheSchoolsInternshipPracticumAndTeachingProgramAG7310Rate": 0,
        "additionalInsuredStudentsInvolvedInTheSchoolsInternshipPracticumAndTeachingProgramAG7310IncludedinExcessExposure": "string",
        "additionalInsuredStudentsInvolvedInTheSchoolsInternshipPracticumAndTeachingProgramAG7310UnmodifiedPremium": 0,
        "additionalInsuredUsersofGolfmobilesCG2008IsSelected": true,
        "additionalInsuredUsersofGolfmobilesCG2008Limit": 0,
        "additionalInsuredUsersofGolfmobilesCG2008AggregateLimit": 0,
        "additionalInsuredUsersofGolfmobilesCG2008Deductible": 0,
        "additionalInsuredUsersofGolfmobilesCG2008RatingBasis": "Flat Charge",
        "additionalInsuredUsersofGolfmobilesCG2008ReturnMethod": "Fully earned",
        "additionalInsuredUsersofGolfmobilesCG2008Rate": 0,
        "additionalInsuredUsersofGolfmobilesCG2008IncludedinExcessExposure": "False",
        "additionalInsuredUsersofGolfmobilesCG2008UnmodifiedPremium": 20,
        "limitedAdditionalInsuredDesignatedPersonOrOrganizationForDesignatedPremisesAG7309IsSelected": false,
        "limitedAdditionalInsuredDesignatedPersonOrOrganizationForDesignatedPremisesAG7309Limit": 0,
        "limitedAdditionalInsuredDesignatedPersonOrOrganizationForDesignatedPremisesAG7309AggregateLimit": 0,
        "limitedAdditionalInsuredDesignatedPersonOrOrganizationForDesignatedPremisesAG7309Deductible": 0,
        "limitedAdditionalInsuredDesignatedPersonOrOrganizationForDesignatedPremisesAG7309RatingBasis": "string",
        "limitedAdditionalInsuredDesignatedPersonOrOrganizationForDesignatedPremisesAG7309ReturnMethod": "string",
        "limitedAdditionalInsuredDesignatedPersonOrOrganizationForDesignatedPremisesAG7309Rate": 0,
        "limitedAdditionalInsuredDesignatedPersonOrOrganizationForDesignatedPremisesAG7309IncludedinExcessExposure": "string",
        "limitedAdditionalInsuredDesignatedPersonOrOrganizationForDesignatedPremisesAG7309UnmodifiedPremium": 0,
        "generalLiabilityOptionalOtherCoverageModel": [
          {
            "otherCoverageID": 1,
            "otherCoverageDescription": "Other 1",
            "otherCoverageLimit": 100000,
            "otherCoverageAggregateLimit": 200000,
            "otherCoverageDeductible": 0,
            "otherCoverageRate": 0,
            "otherCoverageRatingBasis": "Flat Charge",
            "otherCoverageReturnMethod": "Pro-rata",
            "otherCoverageIncludedinExcessExposure": "True",
            "otherCoverageUnmodifiedPremium": 20
          },
          {
            "otherCoverageID": 2,
            "otherCoverageDescription": "Other 2",
            "otherCoverageLimit": 100000,
            "otherCoverageAggregateLimit": 200000,
            "otherCoverageDeductible": 0,
            "otherCoverageRate": 0.5,
            "otherCoverageRatingBasis": "per 1000 of limit",
            "otherCoverageReturnMethod": "Pro-rata",
            "otherCoverageIncludedinExcessExposure": "True",
            "otherCoverageUnmodifiedPremium": 0
          },
          {
            "otherCoverageID": 3,
            "otherCoverageDescription": "Other 3",
            "otherCoverageLimit": 50000,
            "otherCoverageAggregateLimit": 100000,
            "otherCoverageDeductible": 0,
            "otherCoverageRate": 0.3,
            "otherCoverageRatingBasis": "per 100 of limit",
            "otherCoverageReturnMethod": "Pro-rata",
            "otherCoverageIncludedinExcessExposure": "True",
            "otherCoverageUnmodifiedPremium": 0
          }
        ]
      }
    }
  },
  "pricingInputModel": {
    "terrorismAcceptedRejected": true,
    "tierPlan": "standard",
    "nyftz": "string"
  },
  "lastTransactionModel": {
    "lastPremium": 0
  }
}