{
  "lineOfBusiness": {
    "property": false,
    "generalLiability": false,
    "publicOfficials": false,
    "educatorsLegal": false,
    "employmentPractices": false,
    "employmentPracticesSchool": false,
    "auto": false,
    "inlandMarine": false,
    "excess": true,
    "lawEnforcement": true,
    "directorsAndOfficers": false,
    "crime": false,
    "ocp1": false,
    "ocp2": false,
    "ocp3": false,
    "ocp4": false,
    "ocp5": false
  },
  "policyHeaderModel": {
    "locationType": "METRO",
    "id": 0,
    "controlNumber": 0,
    "quoteId": 0,
    "state": "NY",
    "isEndorsement": true,
    "nameInsured": "string",
    "primaryClass": "SC",
    "secondaryClass": "string",
    "policyEffectiveDate": "2021-09-01T12:16:02.901Z",
    "policyExpirationDate": "2022-09-03T12:16:02.901Z",
    "transactionEffectiveDate": "2021-09-03T12:16:02.901Z",
    "transactionType": "NewBusiness",
    "transactionCode": "string",
    "desc": "string",
    "clientId": "string",
    "company": "string",
    "populationADA": 50000,
    "terrorismCoverage": false
  },
  "lineOfBusinessInputModel": {
    "property": {},
    "auto": {},
    "generalLiability": {},
    "employmentPractices": {},
    "employmentPracticesSchool": {},
    "inlandMarine": {},
    "excess": {},
    "ocp1": {},
    "ocp2": {},
    "ocp3": {},
    "ocp4": {},
    "ocp5": {},
    "lawEnforcement": {
      "officer": 30000,
      "exposureRate": -9,
      "liabilityLimit": 1000000,
      "aggregateLimit": 300000,
      "liabilityLimitRate": -2,
      "deductible_SIR": "Deductible",
      "retention": "$1,000 Loss + 50% LAE",
      "aggregateRetention": 10,
      "type": "Each Wrongful Act",
      "expense": "Included",
      "experienceFactor": true,
      "policyType": "Claims Made",
      "retroActiveDate": "2016-08-01T06:22:18.488Z",
      "yearsinCMProgram": 2,
      "irpmRate": 0.99,
      "otherModRate": 0.9,
      "irpmApplies": true,
      "unmannedAircraftOption": "Unmanned Aircraft Sublimit - LE105",
      "unmannedAircraftAggregateLimit": 500000,
      "unmannedAircraftcoverageIncludedinExcessExposure": "TRUE",
      "unmannedAircraftcoverage15lbsorLessRate": 500,
      "unmannedAircraftcoverage15lbsorLessTotalUnits": 3,
      "unmannedAircraftcoverage15PT1_to_lt55lbsRate": 625,
      "unmannedAircraftcoverage15PT1_to_lt55lbsTotalUnits": 2,
      "unmannedAircraftcoverage_gteq55lbslbsRate": 1000,
      "unmannedAircraftcoverage_gteq55lbsTotalUnits": 1,
      "LawEnforcementOptionalCoverageModel": {
        "lineofDutyDeathBenefitsIsSelected": false,
        "LineOfDutyDeathBenefitsIncludedInExcessExposure": "TRUE",
        "lineofDutyDeathBenefitsLimit": 50000,
        "lineofDutyDeathBenefitsAggregateLimit": 100000,
        "lineofDutyDeathBenefitsDeductible": 0,
        "lineofDutyDeathBenefitsRatingBasis": "FLAT CHARGE",
        "lineofDutyDeathBenefitsReturnMethod": "Pro-rata",
        "lineofDutyDeathBenefitsRate": 0,
        "lineofDutyDeathBenefitsUnmodifiedPremium": 500,
        "lineofDutyDeathBenefitsModifiedPremium": 0,
        "nonMonetaryDefenseIsSelected": false,
        "NonMonetaryDefenseIncludedInExcessExposure": "TRUE",
        "nonMonetaryDefenseLimit": 0,
        "nonMonetaryDefenseAggregateLimit": 0,
        "nonMonetaryDefenseDeductible": 0,
        "nonMonetaryDefenseRatingBasis": "string",
        "nonMonetaryDefenseReturnMethod": "string",
        "nonMonetaryDefenseRate": 0,
        "nonMonetaryDefenseUnmodifiedPremium": 0,
        "nonMonetaryDefenseModifiedPremium": 0,
        "additionalInsuredLawEnforcementAgenciesIsSelected": false,
        "additionalInsuredLawEnforcementAgenciesIncludedinExcessExposure": "true",
        "additionalInsuredLawEnforcementAgenciesLimit": 0,
        "additionalInsuredLawEnforcementAgenciesAggregateLimit": 0,
        "additionalInsuredLawEnforcementAgenciesDeductible": 0,
        "additionalInsuredLawEnforcementAgenciesRatingBasis": "string",
        "additionalInsuredLawEnforcementAgenciesReturnMethod": "string",
        "additionalInsuredLawEnforcementAgenciesRate": 0,
        "additionalInsuredLawEnforcementAgenciesUnmodifiedPremium": 0,
        "additionalInsuredLawEnforcementAgenciesModifiedPremium": 0,
        "supplExtendedReportingPeriodIsSelected": false,
        "SupplExtendedReportingPeriodIncludedInExcessExposure": "TRUE",
        "supplExtendedReportingPeriodLimit": 0,
        "supplExtendedReportingPeriodAggregateLimit": 0,
        "supplExtendedReportingPeriodDeductible": 0,
        "supplExtendedReportingPeriodRatingBasis": "string",
        "supplExtendedReportingPeriodReturnMethod": "string",
        "supplExtendedReportingPeriodRate": 0,
        "supplExtendedReportingPeriodUnmodifiedPremium": 0,
        "supplExtendedReportingPeriodModifiedPremium": 0,
        "nySupplExtendedReportingPeriodIsSelected": false,
        "nySupplExtendedReportingPeriodIncludedInExcessExposure": "TRUE",
        "nySupplExtendedReportingPeriodLimit": 0,
        "nySupplExtendedReportingPeriodAggregateLimit": 0,
        "nySupplExtendedReportingPeriodDeductible": 0,
        "nySupplExtendedReportingPeriodRatingBasis": "string",
        "nySupplExtendedReportingPeriodReturnMethod": "string",
        "nySupplExtendedReportingPeriodRate": 0,
        "nySupplExtendedReportingPeriodUnmodifiedPremium": 0,
        "nySupplExtendedReportingPeriodModifiedPremium": 0,
        "LawEnforcementOptionalOtherCoverageModel": [
          {
            "otherCoverageID": 1,
            "otherCoverageDescription": "Other1 FC",
            "otherCoverageLimit": 10000,
            "otherCoverageAggregateLimit": 20000,
            "otherCoverageDedcutible": 10,
            "otherCoverageRate": 0,
            "otherCoverageRatingBasis": "Flat Charge",
            "otherCoverageReturnMethod": "Pro-rata",
            "otherCoverageUnmodifiedPremium": 30,
            "otherCoverageIncludedInExcessExposure": "TRUE"
          },
          {
            "otherCoverageID": 2,
            "otherCoverageDescription": "Other3 FC",
            "otherCoverageLimit": 500000,
            "otherCoverageAggregateLimit": 1000000,
            "otherCoverageDedcutible": 10,
            "otherCoverageRate": 0.3,
            "otherCoverageRatingBasis": "Per 1000 of limit",
            "otherCoverageReturnMethod": "Pro-rata",
            "otherCoverageUnmodifiedPremium": 150,
            "otherCoverageIncludedInExcessExposure": null
          },
          {
            "otherCoverageID": 3,
            "otherCoverageDescription": "Other3 FC",
            "otherCoverageLimit": 100000,
            "otherCoverageAggregateLimit": 100000,
            "otherCoverageDedcutible": 20,
            "otherCoverageRate": 0.1,
            "otherCoverageRatingBasis": "Per 100 of limit",
            "otherCoverageReturnMethod": "Pro-rata",
            "otherCoverageUnmodifiedPremium": 100,
            "otherCoverageIncludedInExcessExposure": null
          },
          {
            "otherCoverageID": 4,
            "otherCoverageDescription": "Other4 FC",
            "otherCoverageLimit": 300000,
            "otherCoverageAggregateLimit": 600000,
            "otherCoverageDedcutible": 20,
            "otherCoverageRate": 0.1,
            "otherCoverageRatingBasis": "Per 100 of limit",
            "otherCoverageReturnMethod": "Pro-rata",
            "otherCoverageUnmodifiedPremium": 300,
            "otherCoverageIncludedInExcessExposure": "TRUE"
          }
        ]
      }
    }
  },
  "pricingInputModel": {
    "terrorismAcceptedRejected": true,
    "tierPlan": "Substandard",
    "nyftz": "string"
  },
  "lastTransactionModel": {
    "lastPremium": 0
  }
}