{
  "lineOfBusiness": {
    "property": false,
    "generalLiability": false,
    "publicOfficials": false,
    "educatorsLegal": false,
    "employmentPractices": false,
    "employmentPracticesSchool": false,
    "auto": false,
    "inlandMarine": false,
    "excess": false,
    "lawEnforcement": false,
    "directorsAndOfficers": false,
    "crime": false,
    "ocp1": true,
    "ocp2": true,
    "ocp3": true,
    "ocp4": true,
    "ocp5": true
  },
  "policyHeaderModel": {
    "id": 1,
    "controlNumber": 0,
    "quoteId": 3,
    "state": "NY",
    "isEndorsement": false,
    "nameInsured": null,
    "primaryClass": "MU",
    "secondaryClass": "1",
    "policyEffectiveDate": "2021-10-01T00:00:00",
    "policyExpirationDate": "2022-10-01T00:00:00",
    "transactionEffectiveDate": "2021-10-10T00:00:00",
    "transactionType": "NEWBUSINESS",
    "transactionCode": null,
    "desc": null,
    "clientId": "Paragon",
    "company": "string",
    "populationADA": 0,
    "terrorismCoverage": true
  },
  "lineOfBusinessInputModel": {
    "property": null,
    "autoLiability": null,
    "generalLiability": null,
    "publicOfficials": null,
    "educatorsLegal": null,
    "employmentPractices": null,
    "autoPhysicalDamage": null,
    "inlandMarine": null,
    "excess": null,
    "ocp1": {
      "limit": 100000,
      "aggregateLimit": 600000,
      "description": "Hauling Permit",
      "lineOfBusiness": "OCP",
      "Name": "test",
      "IRPMFlag": true
    },
    "ocp2": {
      "limit": 100000,
      "aggregateLimit": 600000,
      "description": "Hauling Permit",
      "lineOfBusiness": "OCP",
      "Name": "test",
      "IRPMFlag": true
    },
    "ocp3": {
      "limit": 100000,
      "aggregateLimit": 600000,
      "description": "Hauling Permit",
      "lineOfBusiness": "OCP",
      "Name": "test",
      "IRPMFlag": true
    },
    "ocp4": {
      "limit": 100000,
      "aggregateLimit": 600000,
      "description": "Hauling Permit",
      "lineOfBusiness": "OCP",
      "Name": "test",
      "IRPMFlag": true
    },
    "ocp5": {
      "limit": 2000000,
      "aggregateLimit": 10000000,
      "description": "Work Permit",
      "lineOfBusiness": "OCP",
      "Name": "test",
      "IRPMFlag": true
    }
  },
  "pricingInputModel": {
    "terrorismAcceptedRejected": true,
    "tierPlan": "Preferred",
    "nyftz": ""
  },
  "lastTransactionModel": null
}