{
  "lineOfBusiness": {
    "property": false,
    "generalLiability": false,
    "publicOfficials": true,
    "educatorsLegal": false,
    "employmentPractices": false,
    "employmentPracticesSchool": false,
    "auto": false,
    "inlandMarine": false,
    "excess": false,
    "lawEnforcement": false,
    "directorsAndOfficers": false,
    "crime": false,
    "ocp1": false,
    "ocp2": false,
    "ocp3": false,
    "ocp4": false,
    "ocp5": false
  },
  "policyHeaderModel": {
    "locationType": "Rural",
    "id": 2,
    "controlNumber": 3,
    "quoteId": 11,
    "state": "CT",
    "isEndorsement": false,
    "nameInsured": "string",
    "primaryClass": "CO",
    "secondaryClass": "County",
    "policyEffectiveDate": "2021-10-10T09:58:04.419Z",
    "policyExpirationDate": "2022-10-10T09:58:04.419Z",
    "transactionEffectiveDate": "2021-10-10T09:58:04.419Z",
    "transactionType": "NewBusiness",
    "transactionCode": "NB",
    "desc": "string",
    "clientId": "string",
    "company": "Argonaut Insurance Company",
    "populationADA": 25000,
    "terrorismCoverage": false
  },
  "lineOfBusinessInputModel": {
    "publicOfficials": {
      "cw": {
        "exposure": 150000,
        "exposureRate": 0.940,
        "liabilityLimit": 300000,
        "aggregateLimit": 900000,
        "liabilityLimitRate": 0.790,
        "epInclusionExclusion": "excluded",
        "deductibleSIR": "Deductible",
        "retention": "2500",
        "aggregateRetention": 3000,
        "experienceFactorIsSelected": true,
        "type": "Each Wrongful Act",
        "expense": "Excluded",
        "policyType": "Claims Made",
        "retroDate": "2018-10-10T09:58:04.427Z",
        "yearsInCMProgram": 2,
        "irpmApplies": true,
        "irpmFactor": 1.00,
        "otherModRate": 0.90,
        "publicOfficialsOptionalCoverageModel": {
          "nonMonetaryDefenseIsSelected": true,
          "nonMonetaryDefenseLimit": 50000,
          "nonMonetaryDefenseAggregateLimit": 50000,
          "nonMonetaryDefenseDeductible": 0,
          "nonMonetaryDefenseRatingBasis": "Flat Charge",
          "nonMonetaryDefenseReturnMethod": "Pro rata",
          "nonMonetaryDefenseRate": 0,
          "nonMonetaryDefenseUnModifiedPremium": 1000,
          "nonMonetaryDefenseModifiedPremium": 0,
          "nonMonetaryDefenseIncludedInExcessExposure": "false",
          "inverseCondemnationIsSelected": true,
          "inverseCondemnationLimit": 100000,
          "inverseCondemnationAggregateLimit": 300000,
          "inverseCondemnationDeductible": 0,
          "inverseCondemnationRatingBasis": "No charge",
          "inverseCondemnationReturnMethod": "Pro rata",
          "inverseCondemnationRate": 0,
          "inverseCondemnationUnModifiedPremium": 0,
          "inverseCondemnationModifiedPremium": 0,
          "inverseCondemnationIncludedInExcessExposure": "false",
          "supplExtendedReportingPeriodIsSelected": false,
          "supplExtendedReportingPeriodLimit": 0,
          "supplExtendedReportingPeriodAggregateLimit": 0,
          "supplExtendedReportingPeriodDeductible": 0,
          "supplExtendedReportingPeriodRatingBasis": "string",
          "supplExtendedReportingPeriodReturnMethod": "string",
          "supplExtendedReportingPeriodRate": 0,
          "supplExtendedReportingPeriodUnModifiedPremium": 0,
          "supplExtendedReportingPeriodModifiedPremium": 0,
          "supplExtendedReportingPeriodInverseCondemnationIncludedInExcessExposure": "false",
          "publicOfficialsOtherCoverageModel": [
            {
              "otherCoverageID": 1,
              "otherCoverageDescription": "test",
              "otherCoverageLimit": 50000,
              "otherCoverageAggregateLimit": 100000,
              "otherCoverageDeductible": 10,
              "otherCoverageRate": 0.20,
              "otherCoverageRatingBasis": "per 1000 of limit",
              "otherCoverageReturnMethod": "Pro rata",
              "otherCoverageIncludedInExcessExposure": "false",
              "otherCoverageUnModifiedPremium": 100,
              "otherCoverageModifiedPremium": 0
            }
          ],
          "otherCoveragesTotalPremium": 0
        }
      },
      "ny": {}
    }
  },
  "pricingInputModel": {
    "terrorismAcceptedRejected": false,
    "tierPlan": "Substandard",
    "nyftz": "string"
  },
  "lastTransactionModel": {
    "lastPremium": 0
  }
}