{
  "lineOfBusiness": {
    "property": false,
    "generalLiability": false,
    "publicOfficials": true,
    "educatorsLegal": false,
    "employmentPractices": false,
    "employmentPracticesSchool": false,
    "auto": false,
    "inlandMarine": false,
    "excess": false,
    "lawEnforcement": false,
    "directorsAndOfficers": false,
    "crime": false,
    "ocp1": false,
    "ocp2": false,
    "ocp3": false,
    "ocp4": false,
    "ocp5": false
  },
  "policyHeaderModel": {
    "locationType": "Metro",
    "id": 2,
    "controlNumber": 20,
    "quoteId": 3,
    "state": "NY",
    "isEndorsement": false,
    "nameInsured": "string",
    "primaryClass": "SP",
    "secondaryClass": "Emergency Dispatch",
    "policyEffectiveDate": "2021-11-11T09:58:04.419Z",
    "policyExpirationDate": "2022-11-11T09:58:04.419Z",
    "transactionEffectiveDate": "2021-11-11T09:58:04.419Z",
    "transactionType": "NewBusiness",
    "transactionCode": "NB",
    "desc": "string",
    "clientId": "11",
    "company": "Argonaut Insurance Company",
    "populationADA": 99999999,
    "terrorismCoverage": false
  },
  "lineOfBusinessInputModel": {
    "publicOfficials": {
      "cw": {},
      "ny": {
        "exposure": 1500000,
        "exposureRate": 2.5,
        "liabilityLimit": 2000000,
        "aggregateLimit": 6000000,
        "liabilityLimitRate": 1.1,
        "epInclusionExclusion": "Included",
        "nyepInclusionExclusion": true,
        "nyepLimit": 2000000,
        "nyepLimitRate": 1.1,
        "nyepAggLimit": 6000000,
        "deductibleSIR": "SIR",
        "retention": "25000",
        "aggregateRetention": 20000,
        "type": "Each Wrongful Act",
        "expense": "Excluded",
        "policyType": "Claims Made",
        "retroDate": "2017-11-11T09:58:04.427Z",
        "yearsInCMProgram": 3,
        "irpmApplies": true,
        "irpmFactor": 1.15,
        "otherModRate": 0.75,
        "publicOfficialsOptionalCoverageModel": {
          "supplExtendedReportingPeriodIsSelected": false,
          "supplExtendedReportingPeriodLimit": 0,
          "supplExtendedReportingPeriodAggregateLimit": 0,
          "supplExtendedReportingPeriodDeductible": 0,
          "supplExtendedReportingPeriodRatingBasis": "string",
          "supplExtendedReportingPeriodReturnMethod": "string",
          "supplExtendedReportingPeriodRate": 0,
          "supplExtendedReportingPeriodUnModifiedPremium": 0,
          "supplExtendedReportingPeriodModifiedPremium": 0,
          "supplExtendedReportingPeriodIncludedInExcessExposure": "false",
          "publicOfficialsOtherCoverageModel": [
            {
              "otherCoverageID": 1,
              "otherCoverageDescription": "Other1",
              "otherCoverageLimit": 100000,
              "otherCoverageAggregateLimit": 200000,
              "otherCoverageDeductible": 20,
              "otherCoverageRate": 0.3,
              "otherCoverageRatingBasis": "per 100 of limit",
              "otherCoverageReturnMethod": "Pro rata",
              "otherCoverageIncludedInExcessExposure": "false",
              "otherCoverageUnModifiedPremium": 300,
              "otherCoverageModifiedPremium": 0
            }
          ],
          "otherCoveragesTotalPremium": 0
        }
      }
    }
  },
  "pricingInputModel": {
    "terrorismAcceptedRejected": false,
    "tierPlan": "",
    "nyftz": "string"
  },
  "lastTransactionModel": {
    "lastPremium": 0
  }
}