{
  "lineOfBusiness": {
    "property": true,
    "generalLiability": false,
    "publicOfficials": false,
    "educatorsLegal": false,
    "employmentPractices": false,
    "employmentPracticesSchool": false,
    "auto": false,
    "inlandMarine": false,
    "excess": false,
    "lawEnforcement": false,
    "directorsAndOfficers": false,
    "crime": false,
    "ocp1": false,
    "ocp2": false,
    "ocp3": false,
    "ocp4": false,
    "ocp5": false
  },
  "policyHeaderModel": {
    "locationType": "string",
    "id": 1,
    "controlNumber": 0,
    "quoteId": 3,
    "state": "NY",
    "isEndorsement": false,
    "nameInsured": "test",
    "primaryClass": "MU",
    "secondaryClass": null,
    "policyEffectiveDate": "2021-10-10T12:49:56.621Z",
    "policyExpirationDate": "2022-10-10T12:49:56.621Z",
    "transactionEffectiveDate": "2021-10-10T12:49:56.621Z",
    "transactionType": "NewBusiness",
    "transactionCode": "NB",
    "desc": null,
    "clientId": "Paragon",
    "company": "",
    "populationADA": 0,
    "terrorismCoverage": true
  },
  "lineOfBusinessInputModel": {
    "property": {
      "lineOfBusiness": "PR",
      "buildingTIV": 0,
      "contentTIV": 0,
      "aopDeductible": 10000,
      "coinsurance": "1.00",
      "blanket": "Yes",
      "marginClause": null,
      "valuation": "ACV",
      "largeRiskFactor": 0,
      "sumNetNormalLossClaims": 0,
      "tivExpPeriod1stYear": 0,
      "tivExpPeriod2ndYear": 0,
      "tivExpPeriod3rdYear": 0,
      "otherModFactor": 0.07,
      "equipmentBreakdownCoverage": true,
      "equipmentBreakdownDeductible": 0,
      "equipmentBreakdownRate": 0,
      "irpm": 114,
      "referredEquipmentBreakdownCoverage": true,
      "inputEquipmentBreakdownTotalPremium": 300,
      "businessIncomeAndExtraExpenseLimit": 0,
      "businessIncomeAndExtraExpenseDeductible": 0,
      "pollutantCleanUpLimit": 0,
      "refrigerantContaminationLimit": 0,
      "selectedSpoilageType": "",
      "ebSpoilageLimit": 0,
      "spoilageDeductible": 0,
      "spoilageMinimumDeductible": 0,
      "windstormAndHailCoverage": true,
      "windstormAndHailDeductible": 1000,
      "windstormAndHailSubjectToMinimumDeductible": "",
      "windstormAndHailSubjectToMinimumDeductibleOther": 0,
      "floodCoverage": true,
      "floodLimit": 100000,
      "floodDeductible": 1000,
      "earthquakeCoverage": true,
      "earthquakeLimit": 100000,
      "earthquakeDeductible": 1000,
      "earthquakeSubjectToMinimumDeductible": "",
      "earthquakeSubjectToMinimumDeductibleOther": 0,
      "disasterExposureBuildingPoints": 0,
      "disasterExposureContentPoints": 0,
      "disasterExposureJustification": "",
      "disasterExposureDispersionBuildingPoints": 0,
      "disasterExposureDispersionContentPoints": 0,
      "disasterExposureDispersionJustification": "",
      "disasterExposurePMLBuildingPoints": 0,
      "disasterExposurePMLContentPoints": 0,
      "disasterExposurePMLJustification": "",
      "climaticalHazardsHurricaneBuildingPoints": 0,
      "climaticalHazardsHurricaneContentPoints": 0,
      "climaticalHazardsHurricaneJustification": "",
      "climaticalHazardsSevereConvectiveBuildingPoints": 0,
      "climaticalHazardsSevereConvectiveContentPoints": 0,
      "climaticalHazardsSevereConvectiveJustification": "",
      "climaticalHazardsWinterStormBuildingPoints": 0,
      "climaticalHazardsWinterStormContentPoints": 0,
      "climaticalHazardsWinterStormJustification": "",
      "climaticalHazardsAllOtherBuildingPoints": 0,
      "climaticalHazardsAllOtherContentPoints": 0,
      "climaticalHazardsAllOtherJustification": "",
      "occupancyHazardsBuildingPoints": 0,
      "occupancyHazardsContentPoints": 0,
      "occupancyHazardsJustification": "",
      "lackofPrivateProtectionBuildingPoints": 0,
      "lackofPrivateProtectionContentPoints": 0,
      "lackofPrivateProtectionJustification": "",
      "amendedLimitorAddCoverageBuildingPoints": 0,
      "amendedLimitorAddCoverageContentPoints": 0,
      "amendedLimitorAddCoverageJustification": "",
      "inadequatePublicProtectionBuildingPoints": 0,
      "inadequatePublicProtectionContentPoints": 0,
      "inadequatePublicProtectionJustification": "",
      "extraExternalExposureBuildingPoints": 0,
      "extraExternalExposureContentPoints": 0,
      "extraExternalExposureJustification": "",
      "deficiencyConstructionBuildingPoints": 0,
      "deficiencyConstructionContentPoints": 0,
      "deficiencyConstructionJustification": "",
      "unusualCombustionBuildingPoints": 0,
      "unusualCombustionContentPoints": 0,
      "unusualCombustionJustification": "",
      "floodExposureBuildingPoints": 0,
      "floodExposureContentPoints": 0,
      "floodExposureJustification": "",
      "earthquakeExposureBuildingPoints": 0,
      "earthquakeExposureContentPoints": 0,
      "earthquakeExposureJustification": "",
      "excludedorReducedCoverageBuildingPoints": 0,
      "excludedorReducedCoverageContentPoints": 0,
      "excludedorReducedCoverageJustification": "",
      "specialOccupancyHazardsBuildingPoints": 0,
      "specialOccupancyHazardsContentPoints": 0,
      "specialOccupancyHazardsJustification": "",
      "specialOccupancyProcessingBuildingPoints": 0,
      "specialOccupancyProcessingContentPoints": 0,
      "specialOccupancyProcessingJustification": "",
      "specialOccupancyBusinessIncomePMLBuildingPoints": 0,
      "specialOccupancyBusinessIncomePMLContentPoints": 0,
      "specialOccupancyBusinessIncomePMLJustification": "",
      "specialOccupancyNumberofOccupantsBuildingPoints": 0,
      "specialOccupancyNumberofOccupantsContentPoints": 0,
      "specialOccupancyNumberofOccupantsJustification": "",
      "privateProtectionFireSuppressionBuildingPoints": 0,
      "privateProtectionFireSuppressionContentPoints": 0,
      "privateProtectionFireSuppressionJustification": "",
      "privateProtectionFireProtectionBuildingPoints": 0,
      "privateProtectionFireProtectionContentPoints": 0,
      "privateProtectionFireProtectionJustification": "",
      "privateProtectionCentralMonitoringBuildingPoints": 0,
      "privateProtectionCentralMonitoringContentPoints": 0,
      "privateProtectionCentralMonitoringJustification": "",
      "specificInsuranceBuildingPoints": 0,
      "specificInsuranceContentPoints": 0,
      "specificInsuranceJustification": "",
      "publicProtectionLowHazardBuildingPoints": 0,
      "publicProtectionLowHazardContentPoints": 0,
      "publicProtectionLowHazardJustification": "",
      "publicProtectionMediumHazardBuildingPoints": 0,
      "publicProtectionMediumHazardContentPoints": 0,
      "publicProtectionMediumHazardJustification": "",
      "publicProtectionHighHazardBuildingPoints": 0,
      "publicProtectionHighHazardContentPoints": 0,
      "publicProtectionHighHazardJustification": "",
      "externalExposureBuildingPoints": 0,
      "externalExposureContentPoints": 0,
      "externalExposureJustification": "",
      "externalExposureSeparationBuildingPoints": 0,
      "externalExposureSeparationContentPoints": 0,
      "externalExposureSeparationJustification": "",
      "constructionBuildingPoints": 0,
      "constructionContentPoints": 0,
      "constructionJustification": "",
      "constructionEngineeringBuildingPoints": 0,
      "constructionEngineeringContentPoints": 0,
      "constructionEngineeringJustification": "",
      "constructionAttractionValueBuildingPoints": 0,
      "constructionAttractionValueContentPoints": 0,
      "constructionAttractionValueJustification": "",
      "commoditiesBuildingPoints": 0,
      "commoditiesContentPoints": 0,
      "commoditiesJustification": "",
      "floodCoveredZoneBuildingPoints1": 0,
      "floodCoveredZoneContentPoints1": 0,
      "floodCoveredZoneJustification1": "",
      "floodCoveredZoneBuildingPoints2": 0,
      "floodCoveredZoneContentPoints2": 0,
      "floodCoveredZoneJustification2": "",
      "floodCoveredZoneBuildingPoints3": 0,
      "floodCoveredZoneContentPoints3": 0,
      "floodCoveredZoneJustification3": "",
      "floodCoveredZoneBuildingPoints4": 0,
      "floodCoveredZoneContentPoints4": 0,
      "floodCoveredZoneJustification4": "",
      "floodCoveredZoneBuildingPoints5": 0,
      "floodCoveredZoneContentPoints5": 0,
      "floodCoveredZoneJustification5": "",
      "earthMovementTerritoryBuildingPoints1": 0,
      "earthMovementTerritoryContentPoints1": 0,
      "earthMovementTerritoryJustification1": "",
      "earthMovementTerritoryBuildingPoints2": 0,
      "earthMovementTerritoryContentPoints2": 0,
      "earthMovementTerritoryJustification2": "",
      "earthMovementLimitBuildingPoints": 0,
      "earthMovementLimitContentPoints": 0,
      "earthMovementLimitJustification": "",
      "exclusionorReductionofCoverageBuildingPoints": 0,
      "exclusionorReductionofCoverageContentPoints": 0,
      "exclusionorReductionofCoverageJustification": "",
      "propertyStateSpecificInputModel": {
        "newYorkInputWindTotalPremium": 0,
        "newYorkInputEarthquakeTotalPremium": 0,
        "newYorkInputFloodTotalPremium": 0,
        "newYorkInflationGuard": 0.12,
        "newYorkCauseofLoss": "Broad",
        "newYorkWindAndHailRate": 0.01,
        "newYorkEarthquakeLimit": 100000,
        "newYorkEarthquakeRate": 0.0123,
        "newYorkFloodLimit": 100000,
        "newYorkFloodRate": 0.0123,
        "newYorkEquipmentBreakdownLimit": 90000,
        "propertyNewYork360InputModel": {
          "isAccountsReceivableRecordsCoverageSelected": false,
          "accountsReceivableRecordsRevisedLimit": 0,
          "isBuildingOrdinanceORLawDemolitionCostCoverageSelected": false,
          "buildingOrdinanceORLawDemolitionCostRevisedLimit": 0,
          "isBuildingOrdinanceORLawIncreasedCostOfContructionCoverageSelected": false,
          "buildingOrdinanceORLawIncreasedCostOfContructionRevisedLimit": 0,
          "isChangesInTemperatureORHumidityCoverageSelected": false,
          "changesInTemperatureORHumidityRevisedLimit": 0,
          "isCommandeeredPropertyCoverageSelected": false,
          "commandeeredPropertyRevisedLimit": 0,
          "isCommunicationEquipmentCoverageSelected": false,
          "communicationEquipmentRevisedLimit": 0,
          "isComputerEquipmentCoverageSelected": false,
          "computerEquipmentRevisedLimit": 0,
          "isDetachedSignsCoverageSelected": false,
          "detachedSignsRevisedLimit": 0,
          "isElectricalDamageCoverageSelected": false,
          "electricalDamageRevisedLimit": 0,
          "isExtraExpenseAndBusinessIncomeCoverageSelected": false,
          "extraExpenseAndBusinessIncomeRevisedLimit": 0,
          "isFairsExhibitionsExpositionsORTradeShowsCoverageSelected": false,
          "fairsExhibitionsExpositionsORTradeShowsRevisedLimit": 0,
          "isFineartsCoverageSelected": false,
          "fineartsRevisedLimit": 0,
          "isFireDepartmentServiceChargeCoverageSelected": false,
          "fireDepartmentServiceChargeRevisedLimit": 0,
          "isFlagpolesCoverageSelected": false,
          "flagpolesRevisedLimit": 0,
          "isGlassDisplayORTrophyCasesCoverageSelected": false,
          "glassDisplayORTrophyCasesRevisedLimit": 0,
          "isGroundsMaintenanceEquipmentCoverageSelected": false,
          "groundsMaintenanceEquipmentRevisedLimit": 0,
          "isLockReplacementCoverageSelected": false,
          "lockReplacementRevisedLimit": 0,
          "isMoneySecuritiesAndStampsInsidePremiseCoverageSelected": false,
          "moneySecuritiesAndStampsInsidePremiseRevisedLimit": 0,
          "isMoneySecuritiesAndStampsOutsidePremiseCoverageSelected": false,
          "moneySecuritiesAndStampsOutsidePremiseRevisedLimit": 0,
          "isNewlyAcquiredORConstructedPropertyBuildingCoverageSelected": false,
          "newlyAcquiredORConstructedPropertyBuildingRevisedLimit": 0,
          "isNewlyAcquiredORConstructedPropertyPersonalPropertyCoverageSelected": false,
          "newlyAcquiredORConstructedPropertyPersonalPropertyRevisedLimit": 0,
          "isOffPremisesUtilityFailureCoverageSelected": false,
          "offPremisesUtilityFailureRevisedLimit": 0,
          "isOutdoorPropertyAnyOneTreeShrubORplantCoverageSelected": false,
          "outdoorPropertyAnyOneTreeShrubORplantRevisedLimit": 0,
          "isOutdoorPropertyTotalLimitCoverageSelected": false,
          "outdoorPropertyTotalLimitRevisedLimit": 0,
          "isPersonalEffectsAndPropertyOfOthersAnyOneEmployeeORvolunteerCoverageSelected": false,
          "personalEffectsAndPropertyOfOthersAnyOneEmployeeORvolunteerRevisedLimit": 0,
          "isPersonalEffectsAndPropertyOfOthersAnyOneOccurrenceCoverageSelected": false,
          "personalEffectsAndPropertyOfOthersAnyOneOccurrenceRevisedLimit": 0,
          "isPollutantCleanUpAndRemovalCoverageSelected": false,
          "pollutantCleanUpAndRemovalRevisedLimit": 0,
          "isPropertyInTransitCoverageSelected": false,
          "propertyInTransitRevisedLimit": 0,
          "isPropertyOffPremisesCoverageSelected": false,
          "propertyOffPremisesRevisedLimit": 0,
          "isSpoilageCoverageSelected": false,
          "spoilageCoverageRevisedLimit": 0,
          "isValuablePapersAndRecordsCoverageSelected": false,
          "valuablePapersAndRecordsRevisedLimit": 0,
          "isExtraExpenseAndTuitionFeesCoverageSelected": false,
          "extraExpenseAndTuitionFeesRevisedLimit": 0,
          "isValuablePapersCoverageSelected": false,
          "valuablePapersRevisedLimit": 0,
          "isMusicalInstrumentsAndBandUniformsCoverageSelected": false,
          "musicalInstrumentsAndBandUniformsRevisedLimit": 0,
          "isPersonalPropertyOfEmployeesORVolunteersAnOneEmployeeORvolunteerCoverageSelected": false,
          "personalPropertyOfEmployeesORVolunteersAnOneEmployeeORvolunteerRevisedLimit": 0,
          "isPersonalPropertyOfEmployeesORVolunteersAnyOneOccurrenceCoverageSelected": false,
          "personalPropertyOfEmployeesORVolunteersAnyOneOccurrenceRevisedLimit": 0
        }
      },
      "propertyOptionalCoveragesModel": {
        "isAdditionalCoveredPropertyOptionalCoverageSelected": false,
        "additionalCoveredPropertyOptionalCoverage": "",
        "additionalCoveredPropertyDescription": "",
        "additionalCoveredPropertyLimit": 0,
        "additionalCoveredPropertyDeductible": 0,
        "additionalCoveredPropertyRatingBasis": "",
        "additionalCoveredPropertyRate": 0,
        "additionalCoveredPropertyReturnMethod": "",
        "additionalCoveredPropertyPremium": 0,
        "isAlabamaWindAndHailCertificateCreditCoverageSelected": false,
        "alabamaWindAndHailCertificateCreditCoverage": "",
        "alabamaWindAndHailCertificateCreditDescription": "",
        "alabamaWindAndHailCertificateCreditLimit": 0,
        "alabamaWindAndHailCertificateCreditDeductible": 0,
        "alabamaWindAndHailCertificateCreditRatingBasis": "",
        "alabamaWindAndHailCertificateCreditRate": 0,
        "alabamaWindAndHailCertificateCreditReturnMethod": "",
        "alabamaWindAndHailCertificateCreditPremium": 0,
        "isMoneySecuritiesStampsTemporaryIncreasedLimitofInsuranceCoverageSelected": true,
        "moneySecuritiesStampsTemporaryIncreasedLimitofInsuranceCoverage": "MoneySecuritiesStampsTemporaryIncreasedLimitofInsurance",
        "moneySecuritiesStampsTemporaryIncreasedLimitofInsuranceDescription": "MoneySecuritiesStampsTemporaryIncreasedLimitofInsurance",
        "moneySecuritiesStampsTemporaryIncreasedLimitofInsuranceLimit": 0,
        "moneySecuritiesStampsTemporaryIncreasedLimitofInsuranceDeductible": 0,
        "moneySecuritiesStampsTemporaryIncreasedLimitofInsuranceBasis": "",
        "moneySecuritiesStampsTemporaryIncreasedLimitofInsuranceRate": 0,
        "moneySecuritiesStampsTemporaryIncreasedLimitofInsuranceReturnMethod": "",
        "moneySecuritiesStampsTemporaryIncreasedLimitofInsurancePremium": 9000,
        "propertyOptionalOthersCoverageInputModel": [
          {
            "id": 0,
            "isOptionalCoverageSelected": true,
            "optionalCoverageName": "OTHER",
            "description": "OTHER",
            "limit": 0,
            "deductible": 0,
            "ratingBasis": "Flat Charge",
            "rate": 0,
            "returnMethod": "Pro rata",
            "premium": 200
          },
          {
            "id": 1,
            "isOptionalCoverageSelected": true,
            "optionalCoverageName": "OTHER",
            "description": "OTHER",
            "limit": 600000,
            "deductible": 0,
            "ratingBasis": "PER 1000 OF LIMIT",
            "rate": 0.32,
            "returnMethod": "Pro rata",
            "premium": 0
          },
          {
            "id": 2,
            "isOptionalCoverageSelected": true,
            "optionalCoverageName": "OTHER",
            "description": "OTHER",
            "limit": 100000,
            "deductible": 0,
            "ratingBasis": "PER 100 OF LIMIT",
            "rate": 0.10,
            "returnMethod": "Pro rata",
            "premium": 0
          }
        ]
      },
      "property360InputModel": {
        "isBusinessIncomeAndExtraExpenseCoverageSelected": false,
        "businessIncomeAndExtraExpenseRevisedLimit": 0,
        "businessIncomeAndExtraExpenseDeductible": 0,
        "businessIncomeAndExtraExpenseDays": 0,
        "isDependentPropertyCoverageSelected": false,
        "dependentPropertyRevisedLimit": 0,
        "isInterruptionOfComputerOperationsCoverageSelected": false,
        "interruptionOfComputerOperationsRevisedLimit": 0,
        "isLeaseCancellationMovingExpensesCoverageSelected": false,
        "leaseCancellationMovingExpensesRevisedLimit": 0,
        "isNewlyAcquiredOrConstructedPropertyCoverageSelected": false,
        "newlyAcquiredOrConstructedPropertyRevisedLimit": 0,
        "isOffPremisesUtilityFailureBusinessIncomeAndExtraExpenseCoverageSelected": false,
        "offPremisesUtilityFailureBusinessIncomeAndExtraExpenseRevisedLimit": 0,
        "offPremisesUtilityFailureBusinessIncomeAndExtraExpenseBIDeductible": 0,
        "isIngressOrEgressCoverageSelected": false,
        "ingressOrEgressRevisedLimit": 0,
        "ingressOrEgressMiles": 0,
        "isBusinessIncomePollutantCleanUpAndRemovalSelected": false,
        "businessIncomePollutantCleanUpAndRemovalRevisedLimit": 0,
        "ordinanceOrLawCoverageABaseLimit": "",
        "isOrdinanceOrLawCoverageBSelected": false,
        "ordinanceOrLawCoverageBRevisedLimit": 0,
        "isOrdinanceOrLawCoverageCSelected": false,
        "ordinanceOrLawCoverageCRevisedLimit": 0,
        "isAccountsReceivableRecordsCoverageSelected": false,
        "accountsReceivableRecordsRevisedLimit": 0,
        "accountsReceivableRecords360Deductible": 0,
        "isAppurtenantStructuresCoverageSelected": false,
        "appurtenantStructuresRevisedLimit": 0,
        "appurtenantStructures360Deductible": 0,
        "isAudioVisualAndCommunicationEquipmentCoverageSelected": false,
        "audioVisualAndCommunicationEquipmentRevisedLimit": 0,
        "isChangesInTemperatureOrHumidityCoverageSelected": false,
        "changesInTemperatureOrHumidityRevisedLimit": 0,
        "changesInTemperatureOrHumidity360Deductible": 0,
        "isCommandeeredPropertyCoverageSelected": false,
        "commandeeredPropertyRevisedLimit": 0,
        "isComputerEquipmentCoverageSelected": false,
        "computerEquipmentRevisedLimit": 0,
        "computerEquipment360Deductible": 0,
        "isDebrisRemovalYourPremisesCoverageSelected": false,
        "debrisRemovalYourPremisesRevisedLimit": 0,
        "isDebrisRemovalWindBlownDebrisCoverageSelected": false,
        "debrisRemovalWindBlownDebrisRevisedLimit": 0,
        "isElectronicDataCoverageSelected": false,
        "electronicDataRevisedLimit": 0,
        "electronicData360Deductible": 0,
        "isFineArtsCoverageSelected": false,
        "fineArtsRevisedLimit": 0,
        "fineArts360Deductible": 0,
        "isFireDepartmentServiceChargeCoverageSelected": false,
        "fireDepartmentServiceChargeRevisedLimit": 0,
        "isFungusWetRotDryRotAndBacteriaCoverageSelected": false,
        "fungusWetRotDryRotAndBacteriaRevisedLimit": 0,
        "isGlassDisplayOrTrophyCasesCoverageSelected": false,
        "glassDisplayOrTrophyCasesRevisedLimit": 0,
        "isInventoryAndAppraisalCoverageSelected": false,
        "inventoryAndAppraisalRevisedLimit": 0,
        "inventoryAndAppraisal360Deductible": 0,
        "isKeyCardCoverageSelected": false,
        "keyCardRevisedLimit": 0,
        "keyCard360Deductible": 0,
        "isLockReplacementCoverageSelected": false,
        "lockReplacementRevisedLimit": 0,
        "isMoneyAndSecuritiesOnYourPremisesCoverageSelected": false,
        "moneyAndSecuritiesOnYourPremisesRevisedLimit": 0,
        "isMoneyAndSecuritiesAwayFromYourPremisesCoverageSelected": false,
        "moneyAndSecuritiesAwayFromYourPremisesRevisedLimit": 0,
        "isNewlyAcquiredOrConstructedPropertyBuildingsCoverageSelected": false,
        "newlyAcquiredOrConstructedPropertyBuildingsRevisedLimit": 0,
        "newlyAcquiredOrConstructedPropertyBuildings360Deductible": 0,
        "isNewlyAcquiredOrConstructedPropertyYourBusinessPersonalPropertyCoverageSelected": false,
        "newlyAcquiredOrConstructedPropertyYourBusinessPersonalPropertyRevisedLimit": 0,
        "newlyAcquiredOrConstructedPropertyYourBusinessPersonalProperty360Deductible": 0,
        "isNonOwnedDetachedTrailersCoverageSelected": false,
        "nonOwnedDetachedTrailersRevisedLimit": 0,
        "nonOwnedDetachedTrailers360Deductible": 0,
        "isOffPremisesUtilityFailureDamageToCoveredPropertyCoverageSelected": false,
        "offPremisesUtilityFailureDamageToCoveredPropertyRevisedLimit": 0,
        "offPremisesUtilityFailureDamageToCoveredProperty360Deductible": 0,
        "isOutdoorPropertyCoverageSelected": false,
        "outdoorPropertyRevisedLimit": 0,
        "outdoorProperty360Deductible": 0,
        "isPersonalEffectsAndPropertyOfOthersCoverageSelected": false,
        "personalEffectsAndPropertyOfOthersRevisedLimit": 0,
        "personalEffectsAndPropertyOfOthers360Deductible": 0,
        "isPersonalEffectsAndPropertyOfOthersAnyEmployeeOrVolunteerCoverageSelected": false,
        "personalEffectsAndPropertyOfOthersAnyEmployeeOrVolunteerRevisedLimit": 0,
        "personalEffectsAndPropertyOfOthersAnyEmployeeOrVolunteer360Deductible": 0,
        "isModificationPollutantCleanUpAndRemovalCoverageSelected": false,
        "modificationPollutantCleanUpAndRemovalRevisedLimit": 0,
        "modificationPollutantCleanUpAndRemoval360Deductible": 0,
        "isPropertyInTransitCoverageSelected": false,
        "propertyInTransitRevisedLimit": 0,
        "isPropertyOffPremisesCoverageSelected": false,
        "propertyOffPremisesRevisedLimit": 0,
        "propertyOffPremises360Deductible": 0,
        "isRechargeOfFireProtectionEquipmentCoverageSelected": false,
        "rechargeOfFireProtectionEquipmentRevisedLimit": 0,
        "isRetainingWallsCoverageSelected": false,
        "retainingWallsRevisedLimit": 0,
        "retainingWalls360Deductible": 0,
        "isRewardPaymentsCoverageSelected": false,
        "rewardPaymentsRevisedLimit": 0,
        "isSalespersonsSamplesCoverageSelected": false,
        "salespersonsSamplesRevisedLimit": 0,
        "salespersonsSamples360Deductible": 0,
        "isSCADAUpgradeCoverageSelected": false,
        "scadaUpgradeRevisedLimit": 0,
        "scadaUpgrade360Deductible": 0,
        "isSodTreesShrubsAndPlantsAnyOneCoverageSelected": false,
        "sodTreesShrubsAndPlantsAnyOneRevisedLimit": 0,
        "isSodTreesShrubsAndPlantsOccurrenceCoverageSelected": false,
        "sodTreesShrubsAndPlantsOccurrenceRevisedLimit": 0,
        "sodTreesShrubsAndPlantsOccurrence360Deductible": 0,
        "isSpoilageCoverageSelected": false,
        "spoilageRevisedLimit": 0,
        "spoilageDeductible": 0,
        "isTheftOfJewelryFursStampsAndOtherSpecifiedItemsOccurrenceLimitCoverageSelected": false,
        "theftOfJewelryFursStampsAndOtherSpecifiedItemsOccurrenceLimitRevisedLimit": 0,
        "isUndamagedLeaseholdImprovementsCoverageSelected": false,
        "undamagedLeaseholdImprovementsRevisedLimit": 0,
        "undamagedLeaseholdImprovements360Deductible": 0,
        "isValuablePapersAndRecordsOtherThanElectronicDataCoverageSelected": false,
        "valuablePapersAndRecordsOtherThanElectronicDataRevisedLimit": 0,
        "valuablePapersAndRecordsOtherThanElectronicData360Deductible": 0,
        "isGolfCoursesTeeToGreenCoverageSelected": false,
        "golfCoursesTeeToGreenRevisedLimit": 0,
        "golfCoursesTeeToGreen360Deductible": 0,
        "isGolfCoursesSprinklerAndUndergroundWiringCoverageSelected": false,
        "golfCoursesSprinklerAndUndergroundWiringRevisedLimit": 0,
        "golfCoursesSprinklerAndUndergroundWiring360Deductible": 0,
        "isGolfCoursesAdditionalGolfCoursePropertyCoverageSelected": false,
        "golfCoursesAdditionalGolfCoursePropertyRevisedLimit": 0,
        "golfCoursesAdditionalGolfCourseProperty360Deductible": 0,
        "property360OptionalCoverageInputModel": {
          "isBuildersRiskCoverageSelected": false,
          "buildersRiskLimit": 0,
          "buildersRiskLocation": 0,
          "buildersRiskBuilding": 0,
          "buildersRiskLocationDescription": "",
          "isForestFireExpenseInAnyOne72HourPeriodCoverageSelected": false,
          "forestFireExpenseInAnyOne72HourPeriod": 0,
          "isForestFireExpenseInAnyOnePolicyPeriodCoverageSelected": false,
          "forestFireExpenseInAnyOnePolicyPeriod": 0,
          "isHistoricPropertyValuationCoverageSelected": false,
          "historicPropertyValuationLimit": 0,
          "historicPropertyValuationLocation": 0,
          "historicPropertyValuationBuilding": 0,
          "historicPropertyValuationLocationDescription": "",
          "isUndergroundPropertyOnPremiseExcessCoverageSelected": false,
          "undergroundPropertyOnPremiseExcessLimit": 0,
          "undergroundPropertyOnPremiseExcessLocation": 0,
          "undergroundPropertyOnPremiseExcessBuilding": 0,
          "undergroundPropertyOnPremiseExcessLocationDescription": "",
          "isUndergroundPropertyOffPremiseExcessCoverageSelected": false,
          "undergroundPropertyOffPremiseExcessLimit": 0,
          "vacancyPermitsInputModel": [
            {
              "isVacancyPermitCoverageSelected": false,
              "vacancyPermitLimit": 0,
              "vacancyPermitDeductible": 0,
              "vacancyPermitLocation": 0,
              "vacancyPermitBuilding": 0,
              "vacancyPermitLocationDescription": ""
            }
          ],
          "vehiclePhysicalDamagesInputModel": [
            {
              "isVehiclePhysicalDamageCoverageSelected": false,
              "vehiclePhysicalDamageLimit": 0,
              "vehiclePhysicalDamageLocation": 0,
              "vehiclePhysicalDamageBuilding": 0,
              "vehiclePhysicalDamageLocationDescription": ""
            }
          ],
          "lossOfMunicipalTaxRevenuesInputModel": [
            {
              "id": 0,
              "isLossOfMunicipalTaxRevenueCoverageSelected": false,
              "lossOfMunicipalTaxRevenueName": "",
              "lossOfMunicipalTaxRevenueRevisedLimit": 0,
              "lossOfMunicipalTaxRevenue360Deductible": 0
            }
          ]
        }
      },
      "scheduleRatingInputModels": {
        "buildingScheduleInputModels": [
          {
            "loc": 1,
            "bldg": 1,
            "agg": 0,
            "streetAddress": "E.hatfield street",
            "city": "massena",
            "state": "NY",
            "zip": "13662",
            "occupancyDescription": "pump station 1",
            "construction": "Non-Combustible",
            "valuation": "ACV",
            "buildingLimit": 141139,
            "contentsLimit": 4461,
            "totalLimit": 0,
            "hazardGroup": 1,
            "protectionClass": 4,
            "yearBuilt": 2000,
            "squareFootage": 6100
          },
          {
            "loc": 2,
            "bldg": 2,
            "agg": 0,
            "streetAddress": "E.hatfield street",
            "city": "massena",
            "state": "NY",
            "zip": "13662",
            "occupancyDescription": "pump station 2",
            "construction": "Non-Combustible",
            "valuation": "ACV",
            "buildingLimit": 5000,
            "contentsLimit": 12235,
            "totalLimit": 0,
            "hazardGroup": 1,
            "protectionClass": 4,
            "yearBuilt": 2001,
            "squareFootage": 20900
          },
          {
            "loc": 3,
            "bldg": 3,
            "agg": 0,
            "streetAddress": "E.hatfield street",
            "city": "massena",
            "state": "NY",
            "zip": "13662",
            "occupancyDescription": "pump station 2",
            "construction": "Non-Combustible",
            "valuation": "ACV",
            "buildingLimit": 33000,
            "contentsLimit": 44610,
            "totalLimit": 0,
            "hazardGroup": 1,
            "protectionClass": 4,
            "yearBuilt": 2001,
            "squareFootage": 1600
          }

        ]
      }
    },
    "autoLiability": {
      "population": 0,
      "commision": 0,
      "nonEmergencyUnitCount": 0,
      "emergencyUnitCount": 0,
      "busesCount": 0,
      "nonEmergencyPIPUnits": 0,
      "emergencyPIPUnits": 0,
      "busesPIPUnits": 0,
      "vehiclesAdded": 0,
      "vehiclesRemoved": 0,
      "locationType": "",
      "autoClass": "",
      "liablityLimit": 0,
      "liablityDeductible": 0,
      "pipLimit": "",
      "excessAttendantCareLimit": 0,
      "umLimit": 0,
      "coverageName": "",
      "ratingGroup": "",
      "dependentCoverageLimit": "",
      "limit": "",
      "umuimStacking": false,
      "baseRate": 0,
      "limitsFactor": 0,
      "deductible_SIRType": "",
      "ratingBasis": "",
      "modifiedpremium": 0,
      "lineOfBusiness": "",
      "nonEmergencyMedPayUnits": 0,
      "emergencyMedPayUnits": 0,
      "busesMedPayUnits": 0,
      "trailersCount": 0,
      "underInsuredConversion": false,
      "deductible": 0,
      "populationADA": 0,
      "commission": 0,
      "tierType": "",
      "endorsementEffectiveDate": "2021-08-04T12:49:56.623Z",
      "cancellationEffctiveDate": "2021-08-04T12:49:56.623Z",
      "surcharge": "",
      "additionalInsuredDesignatedPersonOrOrganizationRatingBasis": "",
      "additionalInsuredDesignatedPersonOrOrganizationReturnMethod": "",
      "additionalInsuredEndorsementRatingBasis": "",
      "additionalInsuredEndorsementReturnMethod": "",
      "lessorAdditionalInsuredAndLossPayeedRatingBasis": "",
      "lessorAdditionalInsuredAndLossPayeedReturnMethod": "",
      "mutualAidRatingBasis": "",
      "mutualAidReturnMethod": ""
    },
    "generalLiability": {},
    "publicOfficials": {},
    "educatorsLegal": {},
    "employmentPractices": {},
    "autoPhysicalDamage": {},
    "inlandMarine": {},
    "excess": {},
    "ocp1": {
      "limit": 0,
      "aggregateLimit": 0,
      "description": "",
      "name": "",
      "irpmFlag": false
    },
    "ocp2": {
      "limit": 0,
      "aggregateLimit": 0,
      "description": "",
      "name": "",
      "irpmFlag": true
    },
    "ocp3": {
      "limit": 0,
      "aggregateLimit": 0,
      "description": "",
      "name": "",
      "irpmFlag": false
    },
    "ocp4": {
      "limit": 0,
      "aggregateLimit": 0,
      "description": "",
      "name": "",
      "irpmFlag": false
    },
    "ocp5": {
      "limit": 0,
      "aggregateLimit": 0,
      "description": "",
      "name": "",
      "irpmFlag": false
    }
  },
  "pricingInputModel": {
    "terrorismAcceptedRejected": true,
    "tierPlan": "Preferred",
    "nyftz": ""
  },
  "lastTransactionModel": {
    "lastPremium": 0
  }
}