﻿{
  "SqlServerConnectionString": "Server=MGADSTest01.ny.mgasystems.com;Database=ParagonInsuranceHoldings;Integrated Security=False;Trusted_Connection=False;User ID=Nitish.Kumar@kmgin.com;Password=A.glitch.replaced2.a.seraph",
  "NoSqlDBConnectionString": "Server=DESKTOP-CD0M0C3\\SQLEXPRESS;Database=my_db;Trusted_Connection=True;MultipleActiveResultSets=true;User ID=sa;Password=P@ssw0rd",
  "MongoDBConnection": {
    "Server": "http://localhost:8090/movies/",
    "requiresAuthentication": "true",
    "Password": "abcd"
  }
}
